baseMean,log2FoldChange,lfcSE,stat,pvalue,padj
ChrUn.fgenesh.mRNA.32,145.299806237892,-5.57040411572851,1.00546626605092,-5.54012034397421,3.02263857317512e-08,2.80759182006156e-06
ChrUn.fgenesh.mRNA.59,44.4621137496339,-3.79289481247442,1.09914369420058,-3.45077248087479,0.000558984584523965,0.0193216228929308
ChrUn.fgenesh.mRNA.79,78.2933762359885,-3.81016410543073,1.09516984929031,-3.47906227321707,0.000503171646180919,0.0178308809407137
LOC_Os01g02490.1,214.351835573913,-4.50928299335526,1.02806691964219,-4.38617652917448,1.15360509511757e-05,0.000620504169146786
LOC_Os01g02560.1,1540.75266202755,2.84566177774218,0.629941080367419,4.51734593349971,6.26195583589287e-06,0.00036778088802173
LOC_Os01g02810.1,644.727134935693,-7.41651826635338,0.812198510655705,-9.13141081773946,6.76123512413389e-20,2.74155081908391e-17
LOC_Os01g02830.1,933.570655640361,-3.4673315361307,0.959238456575327,-3.61467110952762,0.000300729144518708,0.0113839748872118
LOC_Os01g02930.1,126.638412954799,3.67344548843752,0.94430379064742,3.89010986169925,0.000100198848750461,0.00437410502257449
LOC_Os01g02940.2,194.14111337987,2.98961718993091,0.911798812591948,3.27881233079521,0.00104244936044106,0.032854929823866
LOC_Os01g03410.1,98.9473415555937,-4.72483517562243,1.0482777000979,-4.50723617909755,6.567751497294e-06,0.00038254431027747
LOC_Os01g04070.1,644.157578015228,3.74948580218984,0.796222064907214,4.70909557452012,2.48818386645257e-06,0.000158979869164098
LOC_Os01g04370.1,116.74423618738,3.83895266876024,1.03810774630536,3.69802911347414,0.00021727997320628,0.00859540006576815
LOC_Os01g05460.1,192.312977556995,3.21718604008852,0.843331063929271,3.81485537257328,0.000136262714775297,0.00571745659191997
LOC_Os01g05530.1,370.28130779313,-8.08481280559117,0.949791464697697,-8.51219778876875,1.70667132202812e-17,5.06833307393845e-15
LOC_Os01g07170.1,313.128666433301,-7.79569856100292,0.963001247992128,-8.09521127543403,5.71650473278401e-16,1.41802943871472e-13
LOC_Os01g07620.1,159.550913891316,-2.90896726548255,0.876899173942681,-3.31733379608896,0.000908809687521652,0.0293000799103884
LOC_Os01g08880.1,253.070117623776,3.67184105170756,1.0616351163514,3.45866578370812,0.000542858069238215,0.0189195965665802
LOC_Os01g09500.1,75.9195006478795,3.4560853521353,1.01129003869641,3.41750162652677,0.000631987164549028,0.0215001929752435
LOC_Os01g10700.1,188.114962176669,3.00512397967759,0.910022484551198,3.30225245056406,0.000959117057598206,0.0306375710649448
LOC_Os01g11600.1,855.734764116835,-2.97295008953394,0.707021867222392,-4.20489128746962,2.61207677857636e-05,0.00131425922709611
LOC_Os01g12130.1,1304.9037142061,2.7625950617696,0.719779151082534,3.83811486844918,0.000123982484200509,0.00527050540195107
LOC_Os01g12270.1,6982.93133583182,-2.91444860818428,0.622965633737673,-4.67834572301871,2.89198641194953e-06,0.000180942235893044
LOC_Os01g12320.1,2197.73058871116,4.83979131885538,0.657414175532332,7.36186029900622,1.81364725653445e-13,3.35445196526569e-11
LOC_Os01g12760.1,659.202781088535,-2.96665172088641,0.705608843916476,-4.20438568261139,2.61792210282365e-05,0.00131425922709611
LOC_Os01g13090.2,73.3781793730009,-4.79847272143648,1.08594524158146,-4.41870596941747,9.92936241593219e-06,0.000545209912864401
LOC_Os01g13250.1,109.450513886359,3.80466116787404,0.950342385332638,4.00346362173706,6.24218034581029e-05,0.0028488392335803
LOC_Os01g16170.1,5420.3569920695,-2.13927908388257,0.630208239633941,-3.3945590510292,0.000687392142838353,0.0232270245701068
LOC_Os01g18240.1,328.505642111428,3.03351177803411,0.7775534545397,3.90135464040849,9.56558939580555e-05,0.00420188442522
LOC_Os01g18744.1,264.793037490178,3.41870214768704,1.02243689671282,3.34368033731796,0.000826749404522662,0.0271526654117762
LOC_Os01g19020.1,742.921112182148,2.87860456011001,0.674509993350965,4.26769742255278,1.97500961786455e-05,0.00100587144426749
LOC_Os01g22090.1,51.842540191491,-3.38467662915812,1.07057935439115,-3.16153736318129,0.00156938683331968,0.0463452680399796
LOC_Os01g24490.1,109.920362900576,-5.06392124139096,1.03231866057969,-4.90538574450196,9.32439060406688e-07,6.6196894237963e-05
LOC_Os01g24710.2,483.64712831986,2.62845567052802,0.734912505293951,3.57655591868952,0.000348150869678003,0.0130155338424835
LOC_Os01g24980.1,339.825029476933,-3.40363279352276,0.764669457376414,-4.45111644082222,8.54250033753713e-06,0.000479038881960028
LOC_Os01g25484.1,13941.1452409787,-2.89315103120769,0.632699491654628,-4.57270958704512,4.81457237660817e-06,0.000291710513105699
LOC_Os01g26210.1,458.091152865991,-5.59969161266207,1.05044475243009,-5.3307816519696,9.77909392252403e-08,8.24768781425676e-06
LOC_Os01g28030.1,502.801637330056,3.39220656142583,0.87426856098235,3.88005095095066,0.00010443458577677,0.00454021286825403
LOC_Os01g28580.1,262.942144290938,3.07408321387128,0.833857880181217,3.68657931637368,0.000227288623352811,0.00889124419924681
LOC_Os01g32670.1,389.682362622406,-3.21660732357383,0.920025653592296,-3.49621481859162,0.000471908622724799,0.0168361984943357
LOC_Os01g33514.1,515.584633284221,-8.62455563452056,0.926230584076506,-9.31145632933254,1.26091414438589e-20,6.04235789417649e-18
LOC_Os01g34100.1,186.913144793007,6.00088997559422,0.939909350784312,6.38454120132622,1.71912094301029e-10,2.21022348069341e-08
LOC_Os01g34610.1,592.573659977061,-4.61451816278486,0.975284589801772,-4.73145809032291,2.22912843753606e-06,0.000143296259467829
LOC_Os01g35160.2,331.260000007898,-4.0807319544623,0.99641315976216,-4.09542157736692,4.2140085844904e-05,0.00199263612173523
LOC_Os01g35580.3,1574.11935948682,-10.2171274237423,0.86966886542186,-11.748296196376,7.20570599161121e-32,1.68813678703469e-28
LOC_Os01g35830.1,1733.22650089956,-10.3430909061621,0.86611364752274,-11.9419558111634,7.1521376012362e-33,2.51338035536775e-29
LOC_Os01g37210.2,273.7811798645,5.23765147326891,0.991111293516487,5.28462495335472,1.25962548145468e-07,1.03115124628959e-05
LOC_Os01g37260.2,644.164467930412,7.96695125014365,0.849219399441027,9.38149935739534,6.50411381020045e-21,3.42848099220191e-18
LOC_Os01g37280.1,1278.4295090366,2.59857726766483,0.67181783734097,3.86797897172529,0.000109741125785401,0.00476109390367322
LOC_Os01g39060.1,581.107870109731,-4.70919572095113,0.845054602577446,-5.57265259142772,2.50889571540435e-08,2.38288586303156e-06
LOC_Os01g39650.1,94.4317526820353,3.39624068929852,0.971610223345803,3.49547648603711,0.000473216146144741,0.0168543284484153
LOC_Os01g40750.1,742.731607709028,-7.16727850485303,0.885603928277012,-8.09309701098248,5.81665016778699e-16,1.42609382311382e-13
LOC_Os01g41250.1,81.6821272143792,3.14635978894572,0.992674556185399,3.16957835711675,0.00152660289988648,0.0452720423967742
LOC_Os01g41565.1,368.121556243852,6.99379706788271,0.894763778906496,7.81636140482792,5.43721222373838e-15,1.20677494460551e-12
LOC_Os01g41790.1,826.692318317226,3.69849825394907,1.04180033369976,3.5501027733544,0.000385080787480681,0.0141453456516205
LOC_Os01g42520.1,979.962893148162,3.7488188295213,1.02953741318961,3.64126527263064,0.000271301413773578,0.0103442862738081
LOC_Os01g44050.1,1949.36434489267,-2.75162868665707,0.714820539500264,-3.84939790423588,0.000118408524205816,0.00505393468194255
LOC_Os01g44980.1,119.122906848345,-5.21920111822159,1.02452006077369,-5.09428884611608,3.50052730565982e-07,2.70361238973763e-05
LOC_Os01g46169.1,1025.43146572821,4.3468606953091,0.663639887721985,6.55002927902685,5.75258038239779e-11,7.82536499115209e-09
LOC_Os01g47400.1,343.645518817177,3.08267582346373,0.930801085075393,3.31185241711878,0.000926804245963591,0.0298167691423509
LOC_Os01g48950.1,549.419887989407,-2.74006627278206,0.725260298244104,-3.77804531616568,0.000158064121496816,0.00648401167657657
LOC_Os01g49580.1,351.965531696446,3.25296422355345,0.914653824676498,3.55649769977619,0.00037583176951357,0.0138538686367021
LOC_Os01g50990.1,319.49525277011,6.92783434347913,0.893970013263603,7.74951535363897,9.2243926826238e-15,1.98465632360329e-12
LOC_Os01g51370.1,1223.78187525501,7.98564178403464,0.872127638613112,9.15650580313415,5.36049157446115e-20,2.26051929695027e-17
LOC_Os01g51670.1,209.009876350433,6.1092367895216,0.93584861723331,6.5280181826657,6.66456080525963e-11,9.00783747300636e-09
LOC_Os01g51870.1,2007.69276665393,-2.59358921591654,0.704075345262727,-3.68368134655921,0.000229889597316707,0.00895974521150235
LOC_Os01g52160.1,428.784082805366,2.95423620053282,0.77905213848748,3.79209048353096,0.000149384461692478,0.00617602230350176
LOC_Os01g52370.1,268.658217933594,6.4444232823131,0.921431272391545,6.99392724710418,2.6729620678812e-12,4.14407391185847e-10
LOC_Os01g53240.1,955.902340085761,3.20102488705132,0.908513882181741,3.52336375902617,0.000426106103763171,0.0154637645401832
LOC_Os01g53920.1,619.741092207377,-2.3348071315568,0.698817356724383,-3.34108348782422,0.000834521247570448,0.027365288499258
LOC_Os01g57945.1,4457.70981878439,-2.51158026692995,0.730788466229562,-3.43680884824062,0.00058861085137376,0.0201474996772983
LOC_Os01g57956.1,197.172101167467,3.36632647712033,1.07302903965697,3.13721842812054,0.00170559010099512,0.0493310936618411
LOC_Os01g59750.1,474.02256632194,2.60899003903695,0.7863980497843,3.3176456118534,0.000907795840289992,0.0293000799103884
LOC_Os01g60360.1,2586.24444753807,7.83615048947826,0.822559804234786,9.5265419597887,1.62609670881245e-21,8.79134592443862e-19
LOC_Os01g60770.1,1203.89111073814,5.06521652811257,0.832705489618035,6.082842723225,1.18070155336668e-09,1.37541946147715e-07
LOC_Os01g60920.1,602.205918112473,-7.81703628499048,0.841981713499874,-9.28409270611986,1.63090707146612e-20,7.47558165257892e-18
LOC_Os01g61044.1,857.351413564736,2.70326844117141,0.778856912360408,3.47081523996349,0.000518880887543995,0.0182647804905929
LOC_Os01g61080.1,928.298572551876,-2.57745377363351,0.685045400330189,-3.76245687131275,0.000168252329678867,0.00685718487890752
LOC_Os01g62740.1,447.647168708617,-4.87001622540136,1.01523276828306,-4.79694546664153,1.61103438268022e-06,0.00010715665602149
LOC_Os01g63870.1,402.928930832592,2.54624035162722,0.763591729012139,3.33455727044254,0.000854353053104777,0.0278762119114297
LOC_Os01g63890.1,858.063163765442,-8.94249705718094,0.864052073166761,-10.3494885723804,4.20727204737787e-25,4.03228777813465e-22
LOC_Os01g64110.1,471.967376767238,-2.27560479926428,0.724091396537309,-3.14270382184693,0.0016739512453623,0.0488177897765756
LOC_Os01g64120.1,2783.61646530672,-6.68652193082995,0.671134456292159,-9.96301392089332,2.21251645390309e-23,1.6086520493292e-20
LOC_Os01g64310.1,246.169007541727,-2.99957277370458,0.812600670699072,-3.69132451136679,0.00022308929259281,0.00877558299791035
LOC_Os01g64350.1,1329.11597225755,-4.29401167311717,0.679622081041603,-6.3182344907571,2.6456836204359e-10,3.28142583158183e-08
LOC_Os01g64949.1,454.194508226234,3.91240601183143,0.956949668552598,4.0884135711641,4.34333309754837e-05,0.0020441780884332
LOC_Os01g65970.1,41.4584745055115,-3.53361044478611,1.09995583266342,-3.21250212040776,0.00131584177167999,0.0398056294919262
LOC_Os01g66610.1,798.854123704626,2.48165119516022,0.721382208394971,3.44013362996812,0.000581427035458851,0.0199990033322184
LOC_Os01g66810.1,131.975812533399,-3.56543991389601,0.952544318084945,-3.74306984588832,0.00018178567201877,0.00734281780558577
LOC_Os01g66850.1,821.67818532333,7.27727661246136,0.901379411609707,8.07348883137391,6.83174285722745e-16,1.63690111528001e-13
LOC_Os01g67320.1,2172.38000443365,-2.55029386451291,0.631921888579092,-4.03577389959916,5.44226076866273e-05,0.00251644886638714
LOC_Os01g68720.1,146.553499898417,-2.91150155131541,0.891689862347758,-3.26515044552556,0.00109405950034026,0.0341246221370924
LOC_Os01g71624.5,746.634534951846,-4.28050847489186,0.702855485808855,-6.09016869231063,1.12791773525566e-09,1.3212303026592e-07
LOC_Os01g71670.1,1090.37239531813,3.64980834934043,0.985694484716163,3.70277850381949,0.000213251054842298,0.00845187686343955
LOC_Os01g72630.1,742.015648841171,-9.17705678681408,0.904178921903776,-10.1496026555137,3.32715283209173e-24,2.5982599060983e-21
LOC_Os01g72650.1,70.8588845471821,-4.74801390999854,1.07842578608188,-4.40272661436348,1.06898836334022e-05,0.000580918031985271
LOC_Os01g73200.1,166.026617390436,4.15779340805383,0.928517904924243,4.47788177912741,7.53873276451721e-06,0.000430770136422345
LOC_Os01g73604.1,68.4884370452673,3.22409610690835,1.0290500939838,3.13307984301015,0.00172982379901909,0.0499634723319419
LOC_Os01g73644.1,258.882091583294,-7.4535085870273,0.978944933545568,-7.61381803165577,2.66115391060801e-14,5.39523367357403e-12
LOC_Os01g73656.1,443.659487166131,-8.38443300535234,0.936501895206996,-8.95292689557144,3.46179123898779e-19,1.24895261414979e-16
LOC_Os01g73800.1,827.986783090066,-9.33627001520964,0.898282574638332,-10.3934666872155,2.65523069271345e-25,2.94660732399279e-22
LOC_Os01g74110.1,256.308456196475,2.5621633043695,0.806317710182391,3.17761010581044,0.00148494294257848,0.0442857453242817
LOC_Os01g74160.1,538.161442578143,-3.34739056616425,0.743056675797549,-4.50489266188393,6.64065000917988e-06,0.000385724808384457
LOC_Os02g01520.1,1665.75104760205,2.36841689197629,0.625979155198122,3.78353955129174,0.00015461374167664,0.0063548357568264
LOC_Os02g03710.1,5199.98152226296,-2.48896582818813,0.781498175046699,-3.18486454308022,0.00144821779330647,0.0432516603000949
LOC_Os02g06120.1,57.8498186797358,-3.69592855009465,1.06267724738286,-3.47794079453276,0.000505281515720153,0.0178756053002675
LOC_Os02g06170.2,349.257944724547,4.55588183604706,0.782715399465473,5.82061096428962,5.86329008686534e-09,6.12017185552256e-07
LOC_Os02g08230.1,227.291079658935,3.06980521508624,0.815971964444174,3.76214545211408,0.000168462023584259,0.00685718487890752
LOC_Os02g09930.1,230.748632008542,3.79372272304693,1.02663753769958,3.69528931461795,0.000219636544504315,0.00865614306705324
LOC_Os02g11130.1,674.980644609349,-2.38181783481972,0.755979790435353,-3.150636915106,0.00162914878331365,0.0477755244731132
LOC_Os02g11640.1,2918.24080964988,-2.08296861215106,0.642783538445585,-3.24054442524806,0.00119301680898501,0.0364710116587403
LOC_Os02g15290.1,202.492855074236,-3.48288606878768,0.856736814348603,-4.06529287694472,4.79721814812999e-05,0.00224277926060578
LOC_Os02g17940.1,1284.59694773548,4.09769744965772,0.887971088583923,4.61467439913213,3.9371205492829e-06,0.000242731540297164
LOC_Os02g18070.1,246.494616346023,3.91815195209321,1.04430886218755,3.7519091276174,0.000175493078660788,0.00710224868246202
LOC_Os02g18140.1,135.508578540872,4.18296208551447,0.948418884773065,4.41045845108341,1.03151997656806e-05,0.000564924641712661
LOC_Os02g19700.1,136.926182355437,5.05009206750493,0.951669847290227,5.30655886795667,1.11714093660502e-07,9.31024373451259e-06
LOC_Os02g25650.1,65.9769833581001,3.89218787738153,1.04671417510292,3.71848205552277,0.000200423526736138,0.00803408756888111
LOC_Os02g28900.1,84.0666688596971,4.38043819896483,1.02322968697557,4.28099209270638,1.8606196988863e-05,0.000954529594915273
LOC_Os02g29774.1,117.365921907275,3.65583297083044,0.934634555426432,3.91151060016441,9.17206298257649e-05,0.00403743106445982
LOC_Os02g30110.1,5404.54605975423,2.06484905839691,0.596788489566069,3.45993445667541,0.000540306885538173,0.0188928203674501
LOC_Os02g30910.1,522.881108022647,5.17703738496346,0.964586146876601,5.36710733585288,8.00094464589398e-08,6.91393105978174e-06
LOC_Os02g32700.1,112.139208051943,3.7987545706985,1.05426548906377,3.60322386543446,0.000314294614678546,0.011854922988367
LOC_Os02g35970.1,202.681071592654,3.43763700556394,1.0172050748,3.37949258288929,0.000726197668436647,0.024381971081189
LOC_Os02g36850.1,918.606486114099,2.68153122087001,0.788430974199103,3.4010982681064,0.000671156964985955,0.0227148388551025
LOC_Os02g37250.1,160.802346876807,-6.52676772872367,1.02194488736233,-6.38661419948924,1.69598791540983e-10,2.19385921450407e-08
LOC_Os02g38392.1,329.240308601723,2.91119325122208,0.771625950151853,3.7728037148688,0.000161423281706949,0.00660895125202138
LOC_Os02g38750.1,680.118882450428,6.84220038499172,0.817985982752411,8.36469148526072,6.02724271259332e-17,1.62928734096193e-14
LOC_Os02g38790.1,70.2299406540273,-4.69693964792242,1.08841767802864,-4.31538346237595,1.59326087911973e-05,0.00082540308688549
LOC_Os02g41760.1,165.603668208176,3.10062542541584,0.880002358732272,3.52342853930823,0.0004260019565943,0.0154637645401832
LOC_Os02g43100.1,202.585558588394,3.99866516502735,0.924753589458366,4.32403313770255,1.53202268688999e-05,0.000795632964361464
LOC_Os02g44108.1,60.4284295495002,3.3216071355313,1.05555309075541,3.14679305533952,0.0016507174877326,0.048273756211986
LOC_Os02g45160.1,156.44333827908,-4.07637982579921,0.987767170049185,-4.12686303959285,3.67745259680725e-05,0.00176867287884033
LOC_Os02g46260.1,764.40447819237,-3.16068827197753,0.766835835874843,-4.12172739471893,3.76042031599012e-05,0.00179792431661342
LOC_Os02g49640.1,824.545826168191,-8.70358017550465,0.857381011574378,-10.1513563491715,3.26789659064057e-24,2.5982599060983e-21
LOC_Os02g52010.1,949.681716656427,-2.90683250773027,0.895396257219647,-3.24642021260672,0.00116866200998384,0.0359201727121125
LOC_Os02g52150.1,919.107353994558,-4.08934790324128,0.709206924329045,-5.76608569792245,8.1133814854794e-09,8.42712554784892e-07
LOC_Os02g53384.1,224.821108212061,5.09624448248646,0.913219814062418,5.58052333513883,2.39795976839496e-08,2.31931108791779e-06
LOC_Os02g54100.1,733.18507011768,-4.60516592151385,0.857467134240948,-5.37066172873256,7.84482420798304e-08,6.83504621592242e-06
LOC_Os02g55689.1,872.489813763624,-2.3754053810808,0.713594975651886,-3.32878658360901,0.000872252147774676,0.028381846505909
LOC_Os02g57860.1,158.669823734992,-6.18110826339926,1.0016753505968,-6.17077006009638,6.79581925324453e-10,8.14146869060573e-08
LOC_Os02g58270.1,4089.35754632677,-2.18707544692601,0.665552830695733,-3.28610344071373,0.00101583698159643,0.0321123279714552
LOC_Os03g01350.1,264.936396812089,-7.49591972935928,0.976957935353419,-7.67271492262111,1.68393470168223e-14,3.48095717499703e-12
LOC_Os03g01360.3,2018.99331811891,-8.01377082669111,0.788348149204969,-10.1652687772183,2.83339466836292e-24,2.38968506329728e-21
LOC_Os03g01365.1,90.3302340136282,-5.2759532840028,1.07193319609598,-4.9219049314062,8.57058484196135e-07,6.14662521744065e-05
LOC_Os03g01420.1,825.565060998548,-9.33205471790936,0.898435898151293,-10.3870011618101,2.84146880652766e-25,2.99561848928178e-22
LOC_Os03g01490.1,473.931013310108,-8.49087160116112,0.931903174692243,-9.11132382821337,8.13827771408921e-20,3.23765255852021e-17
LOC_Os03g01600.1,154.955167066518,-4.11192344436672,0.986850328603637,-4.16671436912319,3.09021294829708e-05,0.00150826712997324
LOC_Os03g02190.1,228.379952864859,4.48581507347485,0.899560303113644,4.98667522115874,6.14271967489356e-07,4.5286449071724e-05
LOC_Os03g02514.1,5269.47942628682,2.18447500079111,0.659644783905427,3.31159292711742,0.000927664242702499,0.0298167691423509
LOC_Os03g03724.1,35669.659573045,2.74186727637089,0.656149595366125,4.17872280305371,2.93150721576208e-05,0.00144611246485837
LOC_Os03g03810.1,735.260606487877,3.74567063475703,0.744600126431863,5.03044587530001,4.89340515618323e-07,3.65877474177743e-05
LOC_Os03g06490.1,529.388449205875,-8.66600130994936,0.924496597204387,-9.37375144068105,6.99993134370134e-21,3.5433512373043e-18
LOC_Os03g06850.1,113.820938301355,-5.79216121727533,1.05315760798129,-5.49980475227999,3.80212029423306e-08,3.44067409458816e-06
LOC_Os03g09020.1,1549.75388120571,4.79355049321318,0.663664082062042,7.22285659684844,5.09066897115361e-13,8.87080621956809e-11
LOC_Os03g10110.1,2520.29420326456,-4.93174090653306,0.701763819191261,-7.02763632387971,2.10061540053048e-12,3.30533400896904e-10
LOC_Os03g10540.1,381.663401623265,-8.13584169484913,0.947495669091966,-8.58667955986134,8.95188599261465e-18,2.73551472687362e-15
LOC_Os03g11840.1,312.939790138096,6.80773047530726,0.901624928777457,7.55051269992954,4.33548118669414e-14,8.706059125852e-12
LOC_Os03g12510.1,215.861596122377,-3.75048661129945,1.04462056873001,-3.59028600773108,0.000330315318245959,0.012414792308763
LOC_Os03g14310.1,296.418784001825,-7.69863384282055,0.967498550095412,-7.95725620680396,1.75896243157405e-15,4.03127422497161e-13
LOC_Os03g14642.1,151.830649007551,4.03507296314043,1.01569133998621,3.97273542097467,7.10519557899494e-05,0.0031943080763989
LOC_Os03g14654.1,3922.42931309867,4.49134643827985,0.813410265822241,5.52162497450133,3.3587878462585e-08,3.07913224949394e-06
LOC_Os03g16230.1,6232.60522040875,6.3769834187838,0.604918203049932,10.5418937413881,5.53724822181688e-26,6.48627104205605e-23
LOC_Os03g16950.1,174.33817053496,-5.94747310425702,0.986180646930015,-6.03081506696723,1.63134786576449e-09,1.81994548939916e-07
LOC_Os03g17120.1,1629.46365303308,3.0999577210636,0.635066824309479,4.88130949752294,1.05383696162712e-06,7.2852958478386e-05
LOC_Os03g24560.1,498.422444345241,4.72913030906558,0.966968121206091,4.89067861220386,1.00488925498305e-06,7.03923253864376e-05
LOC_Os03g26840.1,315.691468746471,-6.78566223027553,0.922091095276531,-7.35899334136888,1.85302272485323e-13,3.39747688291569e-11
LOC_Os03g28250.1,144.175740278201,4.83463560257874,0.937095118577624,5.15917275283327,2.48043363063606e-07,1.94076393886838e-05
LOC_Os03g29584.1,58.3129564118382,-4.07294512346578,1.08833662353501,-3.74235786556231,0.000182301648392552,0.00734957984007068
LOC_Os03g30250.1,126.819116002393,3.44007017672746,1.0284360432897,3.3449529498437,0.000822965298756305,0.02707055120792
LOC_Os03g30740.1,3544.33858040766,-5.16065122535577,0.693646098767194,-7.43989079521633,1.00768567935292e-13,1.89705826331753e-11
LOC_Os03g31750.3,280.331827775844,-2.79466708788596,0.81037455766169,-3.44861158517844,0.00056347659916281,0.0194132419825945
LOC_Os03g32526.1,347.502496007144,-3.09222564314644,0.915875391073208,-3.37625147840583,0.000734807225879346,0.0245927148534381
LOC_Os03g33570.1,108.655326608108,4.79315230029658,1.00353235544448,4.77628077888294,1.78567020370993e-06,0.000117292387056772
LOC_Os03g37730.1,4006.3256938259,-4.30841638403214,0.923917364836542,-4.6632053341636,3.11321841288237e-06,0.000194207722590606
LOC_Os03g37810.1,1301.70055155321,4.66057641390239,0.755510016361276,6.16878176724762,6.88181300813089e-10,8.19791114556157e-08
LOC_Os03g37864.1,908.262375509923,-4.70864838346404,1.08683186740169,-4.33245336716256,1.4745690243752e-05,0.000769586333637404
LOC_Os03g38940.1,83.5929196447286,-4.2889892890325,1.0660985194981,-4.02307029846706,5.74443411350136e-05,0.00263881031118031
LOC_Os03g40370.1,118.971632684042,5.13931580169363,0.984385069403325,5.22083883780234,1.78114495528012e-07,1.41185869857448e-05
LOC_Os03g40410.1,176.85412844159,-3.45623177978916,0.955488447904211,-3.61724078126757,0.000297760288463013,0.0112918627378464
LOC_Os03g41229.1,229.349718167394,-3.10467325185204,0.883467827516891,-3.51418937413732,0.000441098226754417,0.0158983865147297
LOC_Os03g41330.1,1481.26124208011,-5.01585141682917,0.81143249047652,-6.18147717240602,6.35045443559431e-10,7.65139038711463e-08
LOC_Os03g41438.1,3934.35934817991,2.9154161594151,0.614939469739522,4.74098070278368,2.12686191992416e-06,0.000137560992581598
LOC_Os03g49430.1,268.163590329555,-2.61486737381214,0.795643359727732,-3.28648174064689,0.00101447350662779,0.0321123279714552
LOC_Os03g52160.1,6412.58085291556,10.4585401286602,0.787618091609964,13.2786946364855,3.07711589642716e-40,3.24404943380833e-36
LOC_Os03g52370.1,3689.72430528474,-3.78743254313055,0.992991204874945,-3.81416524591226,0.000136644017988209,0.00571745659191997
LOC_Os03g52410.1,4500.96593431302,4.57917171765788,0.82374492528422,5.55896804593717,2.71374370087912e-08,2.54962837944295e-06
LOC_Os03g55830.1,247.241193820255,3.62676678114334,0.818615709328837,4.43036548140132,9.40735146858935e-06,0.000521984225566333
LOC_Os03g57545.1,239.7504870603,-7.31097155011694,0.985632625188143,-7.41754215849072,1.19313716320891e-13,2.22630947666016e-11
LOC_Os03g58570.1,1096.75424435438,-2.57325343853531,0.748650689565484,-3.43718836354619,0.000587786679403704,0.0201474996772983
LOC_Os03g63999.1,181.568234482565,3.89663922059327,0.903148265693219,4.31450667471787,1.59959701287974e-05,0.000826654485700226
LOC_Os04g01170.1,144.872041040342,3.27820117626242,1.00636854828396,3.25745591101029,0.00112415720046063,0.0349084750687958
LOC_Os04g02490.1,85.2916443619906,-4.97638774920412,1.06169413627592,-4.68721412238339,2.76949165730076e-06,0.000174312631624437
LOC_Os04g02970.1,1199.04807387958,3.04063967069615,0.747237920247506,4.06917206462033,4.71804955715993e-05,0.00221066833139371
LOC_Os04g05490.1,63.0118011200233,-4.36756952357128,1.08403549331841,-4.02899125581343,5.60167016323065e-05,0.00257884749763577
LOC_Os04g07200.1,70.7142850723309,-4.71286845650156,1.08804264742586,-4.33151078007048,1.4808969562733e-05,0.000770980551185743
LOC_Os04g10350.1,1395.41635328768,2.28890621447908,0.642855352785383,3.56053069257592,0.000370106046003154,0.0137388837675643
LOC_Os04g10924.1,3581.69397949187,3.45789639418659,0.826964782627789,4.18143126143615,2.89679829417672e-05,0.00143377915569756
LOC_Os04g10940.1,9198.88067103951,4.48836292796934,0.804947578877375,5.57596922551039,2.46155443925793e-08,2.36895763926607e-06
LOC_Os04g12080.1,464.361937343939,3.08767457162076,0.92055930566136,3.35412890036723,0.000796152654908208,0.0263117197765566
LOC_Os04g14220.2,627.273715249145,7.63453179604877,0.871469470378681,8.7605269668613,1.94339700409342e-18,6.40258216114214e-16
LOC_Os04g14304.1,124.530907235079,4.83493867190609,1.00296977987181,4.8206224842827,1.43110955783342e-06,9.60985510411388e-05
LOC_Os04g17479.1,4024.47538929501,5.57996501700153,0.618739993177758,9.01827112927297,1.91080923100061e-19,7.06831800625401e-17
LOC_Os04g21130.1,4330.61833527845,-5.64064314714144,0.940500657394275,-5.99748985053264,2.00390886276356e-09,2.1892444752005e-07
LOC_Os04g21840.1,180.33366979652,3.67007309647727,1.06112534682479,3.45866122928761,0.000542867247938393,0.0189195965665802
LOC_Os04g22910.1,93.3950681781038,-4.04735817773063,1.01455644890394,-3.98928830633636,6.62718334693067e-05,0.00300503571763512
LOC_Os04g23319.1,47.5845324142582,-3.52929568357674,1.08700699657975,-3.24680125765668,0.00116709857442386,0.0359201727121125
LOC_Os04g23630.1,53.1358752889413,3.45608636263522,1.0659611318443,3.24222549902509,0.00118600139622402,0.0363764950240689
LOC_Os04g24294.2,1048.65932162131,3.60004104241139,0.661967311737588,5.43839700024114,5.37620750117133e-08,4.82371638988074e-06
LOC_Os04g24804.1,131.018647589898,3.94715236068508,0.998659729749095,3.95244971145154,7.73551892269778e-05,0.00346291754745398
LOC_Os04g25440.1,1218.58725100071,-3.08331594551479,0.643667844549601,-4.79022833224224,1.66591633065642e-06,0.00011045863469148
LOC_Os04g25784.1,864.234289433525,4.32822345701058,0.671443627399046,6.44614570813147,1.14730367065018e-10,1.5025402419664e-08
LOC_Os04g25990.1,507.481606473418,4.22269439693566,0.725123391759855,5.82341494554091,5.76571637417392e-09,6.04826516166453e-07
LOC_Os04g27670.1,3687.16175775071,-3.86462222878659,0.883897791614996,-4.37225012376762,1.22972524624538e-05,0.000656424223217311
LOC_Os04g28260.1,452.485652726279,-3.87169501519335,0.734381855581162,-5.27204612391933,1.34911160297657e-07,1.08704602788175e-05
LOC_Os04g29810.1,147.070283635105,-5.15428249672384,1.05263886586683,-4.89653447526789,9.75415421113394e-07,6.87847296126285e-05
LOC_Os04g30240.1,623.976690996736,-7.85120269298883,0.86428989632482,-9.08399221878463,1.04663766714724e-19,4.01242822032719e-17
LOC_Os04g30280.1,90.9577002910587,4.55143036391055,1.01477478409974,4.48516304822094,7.28581991448289e-06,0.000417639971541252
LOC_Os04g31120.3,3159.0023638069,-2.35935785772099,0.618584157783163,-3.81412590030803,0.000136665787162801,0.00571745659191997
LOC_Os04g31790.1,184.971866178853,-3.42990961044462,0.865957064183137,-3.96083102997731,7.46893722926575e-05,0.00335069237189507
LOC_Os04g32340.1,3491.5781278806,-1.99485159142335,0.621454798732155,-3.2099705328418,0.00132748580214989,0.0401003411723933
LOC_Os04g32850.1,2952.59138519854,3.20742789353918,0.655469360426233,4.89333001233419,9.91439502835031e-07,6.96816730575887e-05
LOC_Os04g33260.1,343.637363994792,5.38553585784216,0.894221903133511,6.02259443541955,1.71643160137701e-09,1.9047873850018e-07
LOC_Os04g33450.1,337.283102481194,3.80711396422271,0.784388892708869,4.853605143585,1.21237015223388e-06,8.27275878959594e-05
LOC_Os04g35010.1,180.345777098563,-3.84047571443498,0.921519497620393,-4.16754688788691,3.07895193928466e-05,0.00150625757865005
LOC_Os04g35030.1,3978.88835734218,-4.00402799510321,1.05236595675919,-3.80478669932824,0.000141926439728557,0.0059024043031097
LOC_Os04g35220.1,919.064254610731,3.28239486415414,0.753873644185218,4.3540384910282,1.33652224054376e-05,0.000702757392565215
LOC_Os04g35520.2,2995.73258324932,-2.18562189082866,0.635597289160985,-3.43868976174171,0.000584536698087007,0.0200732186957077
LOC_Os04g37520.1,282.212531657001,2.94838161150231,0.849668233952831,3.47003865001029,0.000520383476836486,0.0182871426818288
LOC_Os04g38720.1,926.602981959759,2.85537168067841,0.749928181878669,3.80752684013732,0.000140363508927923,0.00584894186906176
LOC_Os04g39300.1,220.345273957714,-4.27951676175702,0.848607023701234,-5.04299003217265,4.58313134775878e-07,3.47609080818323e-05
LOC_Os04g39814.1,1400.3704678404,2.46130028889596,0.778955729470372,3.15974348191706,0.00157908098484264,0.0465663252663035
LOC_Os04g40630.1,6133.516704453,3.31177111038147,1.00242279465041,3.30376676194443,0.000953951621951614,0.0305531580827771
LOC_Os04g40640.1,41.8957921832645,-3.50483880500121,1.09963447132474,-3.18727622350624,0.00143619544018533,0.043014461443619
LOC_Os04g43410.1,840.323906284226,-2.36148475123453,0.664962408300052,-3.55130564037683,0.000383324991443758,0.0141054231144706
LOC_Os04g43670.1,217.490882447104,2.82813632004571,0.827568079991564,3.41740623934474,0.000632208662302631,0.0215001929752435
LOC_Os04g44090.1,383.305818289338,-3.91716673799986,1.05950856047062,-3.69715440171611,0.000218029743091773,0.00860890848893264
LOC_Os04g44180.1,900.681788008672,-3.15438275190643,0.663651151403129,-4.7530735767387,2.0034739730846e-06,0.000129979226838427
LOC_Os04g44950.1,1150.61752811009,2.6645766401539,0.817732403998655,3.25849462137528,0.00112004999503965,0.0348322332528187
LOC_Os04g46190.1,1041.65212516119,-2.72900292550515,0.666362724382405,-4.09537152312117,4.21491918564816e-05,0.00199263612173523
LOC_Os04g47360.1,36720.7600299183,-4.46054469845628,0.79754752117203,-5.59282623297647,2.23402851156426e-08,2.19090656587592e-06
LOC_Os04g48370.1,588.1346511936,2.39877402353639,0.707348286889608,3.39122051752527,0.000695820904830372,0.0234742140453574
LOC_Os04g48840.1,647.103180403344,3.36129424562116,1.00023002858624,3.36052122967365,0.000777955516633801,0.0258317985326357
LOC_Os04g49685.1,542.299375098728,3.36037126123039,0.829851090398624,4.04936656721896,5.1356449143352e-05,0.00238513376693299
LOC_Os04g50700.1,2459.24237836144,3.9577359404108,1.02531668385622,3.86001320638395,0.0001133808972502,0.00487884942555198
LOC_Os04g50930.1,1815.09504848708,2.17597111475752,0.693322426374066,3.1384692489141,0.00169832754017839,0.0491885112426667
LOC_Os04g51250.1,381.609495954858,4.20051136720881,0.794232786726235,5.28876601093615,1.23144301005846e-07,1.01823434772873e-05
LOC_Os04g51760.1,70.5156203505304,-3.96585144071712,1.0796836687897,-3.67316053336506,0.000239568871480629,0.00930259605003511
LOC_Os04g51880.1,3045.71015526359,-3.23202317320708,0.719310715975672,-4.49322261079229,7.01533828156393e-06,0.000405255911415823
LOC_Os04g52250.1,3088.08641178078,3.36313014529238,0.943560115122784,3.56429875679383,0.000364830232390855,0.0135669231921714
LOC_Os04g52606.1,393.7069455961,5.26311380173209,0.942314561482672,5.5853045435814,2.33291033942399e-08,2.27388306705113e-06
LOC_Os04g52910.1,232.357148463582,5.47481718010142,0.864279885501651,6.33454193709911,2.38047418149506e-10,2.96995846845109e-08
LOC_Os04g52920.1,298.340950661219,4.06657234053598,0.816559839772229,4.98012777810663,6.35423050795273e-07,4.6359498359925e-05
LOC_Os04g53300.1,1442.80738782165,4.67081999557273,0.825011774128745,5.66151919529313,1.50038719530824e-08,1.51366813459685e-06
LOC_Os04g53920.1,138.698265017156,3.40187039213874,0.932483690297614,3.64818219078233,0.000264102334129764,0.0101063479403377
LOC_Os04g54564.1,748.524959180721,-7.9541284887616,0.815673752370175,-9.75160530254723,1.81573974880848e-22,1.09385350296076e-19
LOC_Os04g56990.1,1165.67564219054,-3.09829356730989,0.766718650725709,-4.04097847936439,5.32286434733668e-05,0.0024666504343647
LOC_Os04g58055.1,124.718687713186,-5.99126110148968,1.04512826780835,-5.73256057273566,9.89256883789653e-09,1.01748689730268e-06
LOC_Os04g58390.1,3035.54976088215,2.62406536879399,0.67909008102082,3.86409026155919,0.000111503987408541,0.0048177491280924
LOC_Os04g59190.1,190.330416278049,-3.04613032585211,0.859149879763836,-3.54551679235459,0.000391844020233703,0.0143189448295106
LOC_Os05g02070.2,1090.99307771395,2.90447144467998,0.908525114344457,3.19690826243773,0.00138909096853717,0.041841404388009
LOC_Os05g02080.1,595.985806722624,-8.84916482475708,0.916981906163318,-9.65031563357915,4.90046632013085e-22,2.79260357729619e-19
LOC_Os05g02200.1,999.639090369766,2.78881497594687,0.830375049475542,3.35850044833146,0.000783665941210163,0.0259804974377615
LOC_Os05g03972.1,624.259088348392,-5.97075151973861,0.891976330484376,-6.69384524642741,2.17381304786483e-11,3.07616430296846e-09
LOC_Os05g04000.1,26139.756051817,4.0601300348036,0.678304929355833,5.98570032309716,2.15460754764067e-09,2.32973846882069e-07
LOC_Os05g04090.1,52.7935415950964,-4.03408264187775,1.09921753196613,-3.66995842457327,0.00024258992115319,0.0094025891314614
LOC_Os05g04380.1,715.123149294266,2.70777825246006,0.676926846535032,4.00010468829873,6.33144686150873e-05,0.00288333816576483
LOC_Os05g04460.1,200.760761386857,-6.9713824037928,1.00153601082069,-6.96069070754654,3.38608440935719e-12,5.21135691761286e-10
LOC_Os05g05030.1,3707.25913849293,2.53371268641444,0.806869260528193,3.14017748644411,0.00168845505557743,0.0489698416050207
LOC_Os05g06740.1,166.809187179048,5.18891090943516,0.987534941345474,5.25440740594504,1.48501832678726e-07,1.19055556731214e-05
LOC_Os05g08090.3,1478.2191646627,-10.1341586413006,0.872082322008785,-11.620644502869,3.23685141350554e-31,6.2044556412513e-28
LOC_Os05g08100.1,95.6580226149682,-5.40557606367639,1.0675374734654,-5.06359373608593,4.11425941413114e-07,3.13388804816874e-05
LOC_Os05g10570.1,373.132396720633,5.88514373783464,0.961542432693853,6.12052420957321,9.32680105316135e-10,1.09863463802183e-07
LOC_Os05g12320.1,569.691251404062,4.35594786170591,0.770342944218544,5.65455670672066,1.56249006936726e-08,1.56881443393374e-06
LOC_Os05g12630.1,19023.973755082,-1.93222253072529,0.586435577083079,-3.29485898576641,0.000984710802758387,0.0313161799037113
LOC_Os05g13904.1,641.188149333604,-3.83079982268917,0.863406056226092,-4.4368461340582,9.1286495416662e-06,0.000509199935412782
LOC_Os05g14040.1,49.5477301418221,-4.01239571554919,1.09641164252178,-3.65957051160142,0.000252638321256214,0.00972058212351692
LOC_Os05g15360.2,535.911307426985,-3.6001652990248,1.08198706587561,-3.32736445061968,0.000876716299893873,0.0284831482022532
LOC_Os05g16430.1,1699.76499509446,-3.61584144236689,0.677803199746462,-5.33464793869286,9.57301123585307e-08,8.10630288786996e-06
LOC_Os05g17604.1,100.182928540753,-4.8045801846986,1.01360285179346,-4.74010128937328,2.13611406344482e-06,0.000137736896109278
LOC_Os05g17849.1,43.3488254381755,-3.58186360502319,1.10011462320003,-3.25590036664016,0.00113033408612409,0.0350486679498918
LOC_Os05g18280.1,86.4554786671991,-5.17625312319429,1.07515550144369,-4.8144227660499,1.47625983845304e-06,9.85029705499443e-05
LOC_Os05g22724.1,693.571118479884,7.96699534803049,0.852757131234536,9.34263116216533,9.3969332139554e-21,4.6077752747965e-18
LOC_Os05g23990.1,207.756841282962,-3.74027377851917,1.09674062336845,-3.41035400606534,0.000648786083537273,0.022028429261487
LOC_Os05g24140.1,1025.53594994943,2.73600329679118,0.653398793089862,4.18734060381849,2.82242106245705e-05,0.00140025289651546
LOC_Os05g24580.1,310.168022343239,5.01322044696948,0.8583471304028,5.84055129842038,5.20283612360158e-09,5.51265324955474e-07
LOC_Os05g24900.1,689.364116121482,4.77868442139404,0.888833202724914,5.37635678633958,7.60081037832939e-08,6.6776286177948e-06
LOC_Os05g25400.1,2817.66604406341,6.16414429730166,0.798228506469688,7.72228033369006,1.14266735819379e-14,2.43365063106222e-12
LOC_Os05g26040.1,310.07730293146,6.14524199757853,0.94374740053345,6.51153263479714,7.43878622081533e-11,9.92409229756919e-09
LOC_Os05g26870.1,229.680437430429,-4.9147556378846,0.931758641011558,-5.27470894452766,1.32966946347782e-07,1.0783107937473e-05
LOC_Os05g26940.1,233.209848426147,6.24049668256478,0.930617361658362,6.70576000370786,2.00360791334023e-11,2.85446438194451e-09
LOC_Os05g26954.1,4934.48211582532,6.32050210301866,0.639968487983405,9.8762708191072,5.27599024706628e-23,3.5851456356547e-20
LOC_Os05g27780.1,5013.5798387047,-2.849300052804,0.862514255192903,-3.30348169395385,0.000954922038252318,0.0305531580827771
LOC_Os05g31140.1,4116.87858488007,-2.52826362431569,0.667552743609489,-3.78736159579729,0.000152255445244518,0.00628239934047097
LOC_Os05g32710.1,858.022131180881,2.94729005955756,0.717485549778083,4.10780406723055,3.9943872860468e-05,0.00190546732864925
LOC_Os05g33100.1,18469.5235521327,2.3538773931542,0.58759377218421,4.00596041786546,6.17659926848443e-05,0.00282502376520595
LOC_Os05g34655.1,68.7769073991164,-4.64845464184031,1.08952905492757,-4.26648066044402,1.98580700368566e-05,0.00100893351018583
LOC_Os05g34980.1,1679.95928393837,2.04880581155898,0.646386405069813,3.16963010900221,0.00152633105563548,0.0452720423967742
LOC_Os05g35010.1,298.577981111174,3.85236359457411,0.797581892309709,4.83005398156431,1.36496040209242e-06,9.22441989683292e-05
LOC_Os05g35050.1,99.1635643594657,3.30985229624074,1.05370776805776,3.14114823537991,0.00168286831930942,0.0489424531208817
LOC_Os05g38130.1,53.7622304317036,-4.07620207483455,1.09884015129591,-3.70954962833065,0.00020762825693407,0.00824452315904872
LOC_Os05g38219.2,150.465561859451,4.53123588852708,0.909802352080165,4.98046183126137,6.34327128823367e-07,4.6359498359925e-05
LOC_Os05g39490.1,431.063013037037,-7.42384163383099,0.893228288395944,-8.31124778544878,9.47009473258999e-17,2.46514749921802e-14
LOC_Os05g39720.1,436.755909950078,-3.06271197521855,0.781598497480883,-3.91852336601179,8.90930939535877e-05,0.00394648715548613
LOC_Os05g39990.1,449.115717742807,4.67415962975464,0.847507310296925,5.51518502904363,3.48413203649484e-08,3.16650534437473e-06
LOC_Os05g40160.1,101.639279882098,4.35054621899827,0.997942126539873,4.35951755447257,1.30349497607256e-05,0.000687104789262246
LOC_Os05g43930.1,74.8970380470188,3.80992257429881,1.0515669060179,3.62309098212905,0.000291103370030143,0.0110792681535841
LOC_Os05g44170.1,845.363734164882,2.61213182404084,0.773916966573875,3.37520940470491,0.0007375954337823,0.0246079109514237
LOC_Os05g46840.1,276.889320903994,-3.69826574426606,0.928878483638577,-3.98143116608678,6.85015596748669e-05,0.00309283808510614
LOC_Os05g46954.2,2193.01951027935,6.41316484670092,0.850525510087566,7.5402380888501,4.69114180317068e-14,9.33138914338244e-12
LOC_Os05g47442.1,741.928400321787,4.54771053107017,1.02705818951955,4.42789958492765,9.51551798370537e-06,0.000526600253770151
LOC_Os05g47700.1,397.252246586695,3.63139782918195,1.02062789516166,3.55800370183568,0.000373684048577077,0.0137988234049872
LOC_Os05g48450.5,1656.40641356698,-2.62418808400247,0.635724134348019,-4.12787236195425,3.66135239348462e-05,0.00176658158390442
LOC_Os05g48680.1,614.3953606537,-2.75143050567559,0.751470639542775,-3.66139455208745,0.000250846103989203,0.00966926892616516
LOC_Os05g48900.1,1082.73127744249,2.49250032279939,0.652724148080406,3.81861208924103,0.00013420460275526,0.00565940809818932
LOC_Os05g50330.1,234.685417280883,3.49848216104811,0.942217909198071,3.71302872392406,0.000204793633595423,0.00817817000825661
LOC_Os05g50380.1,8750.12245624244,3.47809357180293,0.982385479123339,3.54045702600033,0.000399434679425754,0.0145710730375294
LOC_Os05g51110.1,280.851091225125,-3.7418763349202,0.875378214434998,-4.27458242987616,1.91495849604323e-05,0.000977648907725704
LOC_Os06g01050.1,89.1193729678691,-5.24531735676427,1.0729388053671,-4.8887386032884,1.01484142114534e-06,7.06202355275563e-05
LOC_Os06g01972.1,405.605076474504,3.68187497218201,0.78044715597699,4.7176480098424,2.38586816832923e-06,0.000152905867262072
LOC_Os06g03640.1,348.723803110592,2.69125859986597,0.769490282537879,3.49745625245565,0.000469717744849931,0.016786438390103
LOC_Os06g04690.1,341.947159322367,-7.94893369922444,0.955960419652653,-8.31512846746592,9.16529331694376e-17,2.41562761984699e-14
LOC_Os06g04830.1,249.797997167633,5.08847877761891,0.863842388295419,5.89051758349087,3.84987902781302e-09,4.09973228795139e-07
LOC_Os06g05050.1,4055.23931870641,-2.7224233643116,0.695046782845518,-3.91689226035406,8.96978115968022e-05,0.00396494414574124
LOC_Os06g05440.1,2801.22094300413,-2.00710077940388,0.612299728026963,-3.27797104511452,0.00104556120046545,0.032854929823866
LOC_Os06g06170.1,453.929148485898,3.54763491648098,0.87578344482089,4.05081294635173,5.10399975417033e-05,0.00237566964275235
LOC_Os06g06490.1,137.622048224985,-5.30342306852704,0.973916412037896,-5.44546020887949,5.16716139469682e-08,4.65596572680267e-06
LOC_Os06g06600.1,1283.45412105654,-6.90881779158301,0.750722204466978,-9.20289522605549,3.48432580932491e-20,1.49932672835951e-17
LOC_Os06g06610.1,44.8018586930864,-3.6567667572015,1.10039336346608,-3.3231450484972,0.000890086191088332,0.0288730266755346
LOC_Os06g07120.1,1184.99145018158,-2.43396370935367,0.666990220425595,-3.649174507837,0.000263084349344842,0.01008569728352
LOC_Os06g07914.1,636.079166661666,5.9504855146668,0.822634050844078,7.23345393806785,4.7086220249431e-13,8.27344128299377e-11
LOC_Os06g08154.1,499.706896764642,2.43192870473514,0.741830638629829,3.27828021396763,0.00104441661510308,0.032854929823866
LOC_Os06g08910.3,757.673528197472,-3.29906014980339,0.680060964124579,-4.85112412539392,1.22763683338967e-06,8.34991052645842e-05
LOC_Os06g09130.1,370.856457276241,6.12714835814913,0.834410112641252,7.34308976524048,2.08718439234807e-13,3.79381749247061e-11
LOC_Os06g10750.1,677.660528395118,5.61111286070683,0.81247049449102,6.90623585564416,4.9768229426159e-12,7.5493749456875e-10
LOC_Os06g11360.1,57.8286119935346,-4.05641121720425,1.08879119025332,-3.72560988141398,0.000194843551690593,0.00784022192251172
LOC_Os06g11760.1,1051.58085074157,3.26525399319398,0.658902309769911,4.95559651981522,7.21087152468926e-07,5.24280089993355e-05
LOC_Os06g11800.1,1385.95134781435,2.64360395950224,0.791377494643614,3.34050939961687,0.000836248499047543,0.0273793472087227
LOC_Os06g12940.1,89.4955868922741,-3.64983584965991,1.07788172456396,-3.38611905785524,0.000708886213670444,0.0238767824524622
LOC_Os06g13310.1,691.095044246752,-5.05927590946514,0.916595126354407,-5.51964085777709,3.3969320635872e-08,3.10061959137385e-06
LOC_Os06g14390.1,1630.51058368831,-3.21601229993419,1.01904955451425,-3.15589392653939,0.00160007038670275,0.0470766351991118
LOC_Os06g14530.1,213.499644318568,4.2384346881965,0.885799267600662,4.7848703913213,1.71097704213338e-06,0.00011309075527706
LOC_Os06g15170.1,727.774514279803,-2.41797765365326,0.734356220508973,-3.29264951548635,0.000992481113782406,0.0315157594640091
LOC_Os06g17950.1,96.6253250028563,4.64902429714198,1.01006420315858,4.60270177143588,4.17045204559947e-06,0.000255622038899607
LOC_Os06g17970.1,2798.19038337079,5.27776929240274,0.658089615574268,8.01983372400916,1.05888404604076e-15,2.50860338323253e-13
LOC_Os06g19095.1,2241.94627597473,3.75310077251437,1.05798717789602,3.5473972189134,0.000389057522179441,0.0142418018318637
LOC_Os06g19444.1,513.052354709479,-2.7827068964098,0.713661436320059,-3.89919751129977,9.65120249977517e-05,0.00423067785255217
LOC_Os06g20040.1,209.388626671453,3.68795785534258,0.938787414731466,3.92842702988034,8.55032859832238e-05,0.00379544586306584
LOC_Os06g20200.1,700.373055855331,4.313117165336,0.712988215976345,6.04935266627057,1.45428993243086e-09,1.64858619490885e-07
LOC_Os06g20900.1,82.4103037915694,-3.91641768745228,1.09314002545255,-3.58272279512492,0.000340031389431939,0.0127572274842926
LOC_Os06g21140.1,17064.0116028401,2.00389585783645,0.597518715951635,3.35369554850673,0.000797400471293321,0.0263117197765566
LOC_Os06g21210.1,8126.75966298089,2.49432564748247,0.764711935526593,3.26178464282088,0.00110713218294272,0.0344813620049442
LOC_Os06g21240.1,541.912914248592,4.0644285794442,0.891096303171882,4.56115524772884,5.08729489729559e-06,0.000305600036779138
LOC_Os06g22919.1,89.0147617271698,-4.01545932423076,1.06903246574506,-3.75616218674165,0.000172538900616854,0.00699612061443533
LOC_Os06g23790.1,241.014846556262,6.32269233031543,0.926127632851688,6.82702049483925,8.66963142002177e-12,1.27831593350461e-09
LOC_Os06g23800.2,590.879760338494,7.56613862672183,0.873750901822067,8.65937718741561,4.7434879154403e-18,1.51540064692513e-15
LOC_Os06g24040.1,94.8293198850641,-4.26653769592894,1.01779905288546,-4.19192539414664,2.76596963079948e-05,0.00137548277512753
LOC_Os06g24250.1,138.87913104759,3.45811742169861,1.0690213343534,3.23484416126293,0.00121709140273735,0.0370308401539928
LOC_Os06g27760.1,11709.6043834173,2.20593200835106,0.592817577135866,3.72109750694098,0.000198358823951798,0.00796646819623555
LOC_Os06g29650.1,195.317219117679,4.10914200058893,0.895543412941135,4.58843417438996,4.46583077887514e-06,0.000271360351506001
LOC_Os06g29690.1,382.71511107005,3.23955190886826,0.888140690831059,3.64756613711384,0.000264736179637988,0.0101122506298315
LOC_Os06g29730.1,10769.1692948877,2.55549186997075,0.765554032408731,3.33809471544442,0.000843549896618072,0.0275755807289799
LOC_Os06g31220.1,1024.75074449575,-3.85282695835011,0.830855204122647,-4.6371821940004,3.53191067682919e-06,0.000219030401826304
LOC_Os06g32650.1,54.9730914774627,-4.12785230237517,1.09831491787621,-3.75835039221456,0.000171037255998002,0.00694859449463944
LOC_Os06g36830.1,121.320235330719,-3.42908979217995,0.963600643638121,-3.55862131767914,0.000372806583808479,0.0137905733677224
LOC_Os06g36890.1,133.040121191499,4.38585888597964,1.00488206425118,4.36455086821347,1.27384205989678e-05,0.000676548106622761
LOC_Os06g37010.1,2314.95477846719,-3.59148391955042,0.627874604834358,-5.72006558618166,1.06482941941219e-08,1.08989943244204e-06
LOC_Os06g38780.1,227.162655961922,-3.56354766129113,0.861370973346918,-4.13706494827045,3.5177656336551e-05,0.00170119468774353
LOC_Os06g39230.1,388.475038257095,3.64758759238765,0.848827886006331,4.29720518437402,1.7296507691749e-05,0.000891679375747013
LOC_Os06g39748.1,733.794424502411,6.15119896939575,0.733766053491006,8.38305198248196,5.15726858122165e-17,1.4308027373034e-14
LOC_Os06g40010.1,134.163403870107,-6.14785452841782,1.03856313470527,-5.91957708008045,3.22770539236079e-09,3.45462782730596e-07
LOC_Os06g40415.1,1642.89626688593,-10.2732359608288,0.868069173174792,-11.8345821718982,2.58628202624311e-32,7.79025093190514e-29
LOC_Os06g40750.1,181.805940026878,-3.55892747626657,0.873580279976395,-4.07395583192737,4.62212511228854e-05,0.00217054583502459
LOC_Os06g40760.1,136.292407758724,-5.73197465930956,1.01421249379837,-5.65165061006348,1.58914357337856e-08,1.5880138504591e-06
LOC_Os06g42060.1,52.733695568839,3.45436247974902,1.06602030628239,3.24042840402887,0.00119350239717955,0.0364710116587403
LOC_Os06g42100.1,89.0294208542844,3.89177520113025,1.04874931443052,3.71087270101674,0.00020654595711604,0.00821702170904096
LOC_Os06g42410.1,88.1506841312618,-5.22047179277204,1.07374434565826,-4.86193181261562,1.16245669284115e-06,7.95792187290768e-05
LOC_Os06g42890.1,1084.44715258184,-9.71562067471582,0.88515344364537,-10.97619937477,4.97413204176796e-28,7.4913981500484e-25
LOC_Os06g46120.1,677.900747173047,6.86625917703063,0.772328559306258,8.89033442347157,6.09252599910328e-19,2.14101517818488e-16
LOC_Os06g47544.1,72.6516627455455,-4.7754558810872,1.08652258645722,-4.39517405400501,1.10684030703551e-05,0.000598403278816508
LOC_Os06g50230.1,9307.85690556464,-2.7952773978458,0.806959607280227,-3.46396197855181,0.000532281739330097,0.0186431237105898
LOC_Os06g50490.1,941.225437389086,4.26183197235061,0.85541503578292,4.98218033828452,6.28717984589449e-07,4.61899606448381e-05
LOC_Os06g50539.1,3177.18642967945,4.98342121983607,0.611363282608411,8.15132567100539,3.59956296252974e-16,9.14419097167946e-14
LOC_Os06g50580.1,181.528465915274,3.53956032544521,1.00755849332505,3.51300728334321,0.000443065331341857,0.0159420350022919
LOC_Os06g50670.1,221.895643038572,-3.89830707258014,1.05620640836133,-3.6908572431673,0.000223499552756834,0.00877558299791035
LOC_Os06g50706.1,1147.11920875841,-9.17018124458951,0.840865212726287,-10.9056494498774,1.0831700568317e-27,1.52257604321976e-24
LOC_Os06g50950.1,406.042011502556,3.18878421734684,0.76346381558532,4.17673261292956,2.957263086749e-05,0.00145347068028211
LOC_Os07g01600.1,406.167631223444,6.20961709454671,0.876148847782882,7.08739971553956,1.36655259916997e-12,2.19952378270983e-10
LOC_Os07g01810.1,78.1698548365963,3.29098681871265,1.03054314912562,3.1934488347285,0.00140584248372684,0.0422855759905571
LOC_Os07g01904.2,676.386980161028,-9.04013686914202,0.909419640332665,-9.94055600760408,2.77275137401425e-23,1.94878209070301e-20
LOC_Os07g01960.1,1259.60941247856,-9.06356759713785,0.880308143190715,-10.2959033916085,7.3526137655921e-25,6.74042874989172e-22
LOC_Os07g02430.1,1916.30517176514,-9.57018429684502,0.809667937131363,-11.8198879540074,3.08095171515354e-32,8.12023336425156e-29
LOC_Os07g03730.1,1318.14300966564,2.30396948478483,0.696607227240376,3.30741541960747,0.000941611418081123,0.0302189904874284
LOC_Os07g03910.1,1359.15827079542,-2.78755075211831,0.63844791083727,-4.36613653956934,1.26463444301503e-05,0.000673353970479086
LOC_Os07g04450.1,361.805280472816,-8.04554368815262,0.951566262118578,-8.45505353483206,2.78959333951501e-17,8.05733911831151e-15
LOC_Os07g04900.1,143.962470152554,5.15261094574838,0.987219751820259,5.21931508790001,1.79586013251898e-07,1.41819141925703e-05
LOC_Os07g05680.1,937.928352676844,-8.05332878969341,0.823914863788432,-9.77446717329933,1.4491783624242e-22,8.98703699168064e-20
LOC_Os07g05700.1,1480.88305896337,-10.1365436312698,0.872012140394907,-11.6243148021761,3.10071214895666e-31,6.2044556412513e-28
LOC_Os07g06644.1,3637.52114205737,-3.98327404938234,0.624739417405657,-6.37589679537686,1.81895390130572e-10,2.29656544964258e-08
LOC_Os07g07280.1,95.6545033617688,-4.78304107748871,1.05026719883849,-4.55411830701594,5.26057459187691e-06,0.000313331116581143
LOC_Os07g07290.1,417.989232996038,-8.28699277966248,0.940771107076223,-8.80872373453009,1.26578716445558e-18,4.30469715524936e-16
LOC_Os07g09914.1,107.524460863407,-5.66666071220083,1.05801166137406,-5.35595298150253,8.51066403196471e-08,7.32438167812146e-06
LOC_Os07g10440.1,187.947770417972,3.28317093509069,0.944732112859828,3.47524011346676,0.00051039627681255,0.0180263073644768
LOC_Os07g10860.1,72.9115223876992,-3.97815098424508,1.03898259768329,-3.82889087181587,0.000128722065358877,0.00545000953432111
LOC_Os07g12230.1,121.076202115953,2.92444063247023,0.920597928628025,3.17667522544674,0.00148973763608787,0.0443659859560914
LOC_Os07g12540.1,242.729799183368,6.48646945326934,0.914914902462803,7.08969701532767,1.34405933135317e-12,2.17996084627551e-10
LOC_Os07g12560.1,175.404685293752,4.13175494714065,0.916252565259616,4.50940614389433,6.50093472749206e-06,0.000379701409222078
LOC_Os07g12570.1,108.655326608108,4.79315230029658,1.00353235544448,4.77628077888294,1.78567020370993e-06,0.000117292387056772
LOC_Os07g12730.1,3228.51647808874,2.21277085550558,0.630889713656643,3.50738141327481,0.000452540004831223,0.0162552061360585
LOC_Os07g12890.1,12981.9373680728,-2.38779865814158,0.723168160686802,-3.30185811260532,0.000960466420390256,0.0306375710649448
LOC_Os07g15020.1,273.170251923251,-7.55171160574061,0.97434741655633,-7.75053279499718,9.1507781826371e-15,1.98465632360329e-12
LOC_Os07g17770.1,210.246777117403,6.18284201547491,0.931219873060398,6.6395082346722,3.14731420227466e-11,4.42407466366408e-09
LOC_Os07g18930.1,721.536507925137,7.32695334853423,0.805053342742802,9.10120231731656,8.93372895531919e-20,3.48829027820195e-17
LOC_Os07g18980.1,95.6864866233548,3.44819728808642,1.06859365269608,3.2268554837347,0.00125158656073929,0.037970795155666
LOC_Os07g19130.1,227.302131659257,-7.0315345821762,0.973738834058006,-7.22117095081095,5.15418093743759e-13,8.90786107097307e-11
LOC_Os07g19210.1,2883.68348736269,7.0687580872313,0.831730751937476,8.49885383071982,1.91471822213847e-17,5.60719912691523e-15
LOC_Os07g19220.1,141.209590204467,5.03149474389154,0.993686483788694,5.06346299962502,4.11708318398264e-07,3.13388804816874e-05
LOC_Os07g22504.1,502.842263658374,-2.29076408956004,0.728811531353165,-3.14315017122032,0.00167140067842695,0.0488109187044769
LOC_Os07g23120.1,3422.267893305,2.44235797182422,0.747354965449568,3.26800260215711,0.00108309369821929,0.0338326379658574
LOC_Os07g26710.1,54.1490021157067,-4.1938604829175,1.09315474584928,-3.83647466092209,0.000124813067282858,0.0052951378745655
LOC_Os07g26740.1,829.431526103254,6.86504328992192,0.897094428508251,7.65253140780015,1.97060956359491e-14,4.03400996586395e-12
LOC_Os07g27810.1,904.954471896723,2.51310679095278,0.767859580661652,3.27287287186972,0.00106460348954828,0.0333538849585817
LOC_Os07g29760.1,326.559058236821,-3.86866130282947,0.866137132065354,-4.46656904502457,7.94840174032821e-06,0.000450516265308657
LOC_Os07g31130.1,73.8625237913046,-4.81368333978435,1.08555838288733,-4.43429244863007,9.23751626278714e-06,0.000513913008973263
LOC_Os07g33710.1,206.641545373467,4.60200024482886,0.85528148521669,5.38068498426915,7.4202944522701e-08,6.5463141642726e-06
LOC_Os07g33898.1,1836.47794391691,-2.88902611959559,0.623912617562915,-4.63049798685032,3.6478733002228e-06,0.000225558382801167
LOC_Os07g33910.2,887.444951801689,3.20825095673124,0.740136411535803,4.33467521220045,1.45975482716487e-05,0.000763745174460827
LOC_Os07g34006.1,10222.121746699,4.79589715975442,0.662408550107506,7.2400894568406,4.48388888577501e-13,7.94477287029967e-11
LOC_Os07g35960.1,228.498915692218,-4.93819263368679,1.00602805493072,-4.90860330334113,9.17273084689002e-07,6.53402128063095e-05
LOC_Os07g37790.1,54.5828005402604,-3.81119725443608,1.09222252128494,-3.48939632736413,0.000484112801994925,0.0171843744613855
LOC_Os07g40100.1,41.4114477649609,-3.47866643124216,1.09942528635638,-3.16407715413829,0.00155575547025138,0.0460071586118518
LOC_Os07g40690.1,581.170520186983,3.33568870211179,0.73455208338246,4.54111938087717,5.59563335800249e-06,0.000332349096770373
LOC_Os07g41410.1,8591.36189926576,3.30309257667755,0.592506373401254,5.57477982509506,2.47843124002914e-08,2.36895763926607e-06
LOC_Os07g42324.1,2754.45874976367,2.63013582563346,0.81127065546973,3.24199551395163,0.00118695890806542,0.0363764950240689
LOC_Os07g43560.1,23077.9117589961,2.93697269516697,0.832056812200517,3.52977423188164,0.000415914419641948,0.0151460371988782
LOC_Os07g43570.1,14581.8330280612,4.44270675236244,0.840707808259725,5.28448375132722,1.26059736759041e-07,1.03115124628959e-05
LOC_Os07g43960.2,89.2887895491261,-3.22775761739205,1.01286221883506,-3.18676870098329,0.00143871779710082,0.0430288861728663
LOC_Os07g45060.1,293.117373409386,3.46355514308222,0.793732790381175,4.36362864814859,1.27922655551087e-05,0.000677700802084088
LOC_Os07g45194.1,1983.12491699515,-7.90599594292436,0.701355723904936,-11.2724480223904,1.79508425066799e-29,2.91148857117959e-26
LOC_Os07g45195.1,3236.13526433949,-2.71100752408588,0.633230898255839,-4.28123064043943,1.85862600122303e-05,0.000954529594915273
LOC_Os07g45420.1,136.926182355437,5.05009206750493,0.951669847290227,5.30655886795667,1.11714093660502e-07,9.31024373451259e-06
LOC_Os07g45430.1,112.298558671988,4.84988799837662,1.00075877510367,4.84621081426364,1.25841796244859e-06,8.53175007660083e-05
LOC_Os07g45550.1,153.854221781723,3.53589522309036,0.923641674848281,3.82821100365698,0.000129078076470692,0.00545413074626162
LOC_Os07g45560.1,75.2310583767687,-3.38658597022816,1.02072941954831,-3.3178097009556,0.000907262737038564,0.0293000799103884
LOC_Os07g46820.1,861.99828301964,2.42166373635428,0.748173141101434,3.23676914248645,0.00120891167179392,0.0368884263383137
LOC_Os07g47030.1,2049.01906163353,-10.559063151493,0.860314613889187,-12.2734903964482,1.25714740185667e-34,5.3013905936296e-31
LOC_Os07g47040.1,508.077294800515,-8.60144839959204,0.927202506673207,-9.27677431595169,1.74686967713969e-20,7.80906334026317e-18
LOC_Os07g47070.1,142.639431190421,-6.27758440219017,1.03297934729624,-6.07716351601935,1.22327009401192e-09,1.41717856770556e-07
LOC_Os07g47140.1,431.835496847949,3.12877837671503,0.813442193415073,3.84634384845404,0.000119893479435093,0.00510697780583623
LOC_Os07g47450.1,837.299111191288,2.61029948758048,0.686951900045016,3.79982861596193,0.0001447961905287,0.00600989700255441
LOC_Os07g47590.2,1452.38751323952,-2.19240578239994,0.635453950383948,-3.45014108587296,0.000560293651277718,0.0193351745289536
LOC_Os07g47860.1,782.504594434085,-3.39855727765018,0.853334379053795,-3.98267942915719,6.81426427285041e-05,0.00308323524019423
LOC_Os07g48020.1,2918.5170655878,-2.81086797610546,0.631139286809835,-4.45364127198184,8.44261132872318e-06,0.000474699892976342
LOC_Os07g48170.1,464.021153525198,-4.91695762312219,0.766667875883437,-6.41341287119451,1.42297456378684e-10,1.85206288132379e-08
LOC_Os07g48790.1,79.6241108171982,-4.69125888789554,1.0664753535316,-4.39884416677852,1.08828933416535e-05,0.000589886391025103
LOC_Os07g48800.1,254.050627350162,-4.93632045439829,0.919635621447612,-5.36769165882021,7.97507424009464e-08,6.91393105978174e-06
LOC_Os07g49140.1,122.137195019071,-4.22289415130574,0.959043730531693,-4.40323419763619,1.06648928603826e-05,0.000580918031985271
LOC_Os07g49540.1,200.279533888223,5.95284000753837,0.945150177759953,6.29830068026528,3.00926353653504e-10,3.71054512677434e-08
LOC_Os08g02070.1,1307.26456560939,2.94375427284621,0.886853350750268,3.31932474558034,0.000902354250910204,0.0292260205536738
LOC_Os08g02904.1,1267.11091967646,8.27224847585282,0.80853788209246,10.231120469513,1.43845343013409e-24,1.26374127393238e-21
LOC_Os08g04590.1,848.452702753766,7.8026169033054,0.87161777181559,8.95187908692185,3.49481642090764e-19,1.24895261414979e-16
LOC_Os08g04830.2,247.589437866111,-5.83095191339453,0.889873754148386,-6.55256083934601,5.6558663768047e-11,7.7437625035667e-09
LOC_Os08g06700.1,141.758485813483,5.37782349043382,0.973291855458724,5.52539658096614,3.28742179709147e-08,3.026868497453e-06
LOC_Os08g06885.1,68.3395897213634,-4.53106605150701,1.07877957941847,-4.20017781014131,2.66705445065569e-05,0.00133574449149823
LOC_Os08g07390.1,812.972106122654,-9.30989977241627,0.899244250934992,-10.3530267363247,4.05460921816709e-25,4.03228777813465e-22
LOC_Os08g08970.1,398.20286452554,-7.17770545855762,0.956821699686674,-7.50161232851227,6.30375760418271e-14,1.23069193596475e-11
LOC_Os08g09710.1,1258.49956190999,4.85420021569877,0.681874338240563,7.1189073168878,1.08786028689672e-12,1.79199485540761e-10
LOC_Os08g10150.1,1386.69945466018,6.14211600515248,0.943259888960742,6.51158400461584,7.43624220379577e-11,9.92409229756919e-09
LOC_Os08g10300.1,3691.13138811812,-3.16951871672721,0.664504973386541,-4.76974416094175,1.84460041364694e-06,0.000120786955657596
LOC_Os08g10310.1,401.488135081729,-4.12447946386231,0.925314624948695,-4.45738060618138,8.29672191443612e-06,0.000468998341999693
LOC_Os08g10630.1,3228.08717618689,-2.12948683752111,0.660869405086832,-3.22225060069367,0.00127187839069281,0.0385309710743649
LOC_Os08g13469.1,209.963305334626,-7.05847470454107,0.997470626544111,-7.07637349582536,1.47975709092506e-12,2.36368774713294e-10
LOC_Os08g13570.1,521.383017366426,-5.40914277333884,0.75033280150856,-7.20899148013207,5.63677880783033e-13,9.6627220457807e-11
LOC_Os08g13630.1,561.341668784829,-4.96052383483216,0.824085327625067,-6.01942986793358,1.75032471716786e-09,1.92216649278564e-07
LOC_Os08g14390.1,216.986299400029,-7.12183183333789,0.994505489631447,-7.16117900563542,7.9986120799849e-13,1.33849790243239e-10
LOC_Os08g15312.1,1628.90443516908,-7.86762913423508,0.784378002818991,-10.0304051183989,1.12055889087792e-23,8.43820864791465e-21
LOC_Os08g16070.1,85.5338165711424,-4.98205075542364,1.06145387392853,-4.69361022442234,2.68425252979117e-06,0.000169453486798344
LOC_Os08g20440.2,125.416831166602,4.10412884128733,1.02296574314414,4.01199049801321,6.02089240828676e-05,0.00275979383540709
LOC_Os08g20680.1,253.219809243027,5.23406436190379,0.99048995526987,5.28431846689219,1.2617359333304e-07,1.03115124628959e-05
LOC_Os08g21879.1,472.799541511889,7.09798248726212,0.840718878059532,8.44275378191223,3.09947531811318e-17,8.83141041654277e-15
LOC_Os08g25860.1,1352.88265579967,-4.51581203484266,1.08074674602413,-4.17841834958607,2.93543341218583e-05,0.00144611246485837
LOC_Os08g26050.1,47.7079252029082,-3.80048274063985,1.10043464329372,-3.45361968000625,0.000553116815630602,0.0191816908841632
LOC_Os08g26220.1,2466.76612242042,-10.7945608517701,0.854398131886101,-12.6341110179406,1.36932973592378e-36,7.21807937048822e-33
LOC_Os08g26230.2,4567.36786460329,-11.5537865772126,0.837865374467873,-13.7895501225963,2.94591286276518e-43,6.21145727114038e-39
LOC_Os08g26320.1,550.017925494432,-4.53339421863516,1.08667896002962,-4.17178797545837,3.02218790723633e-05,0.00148192632614135
LOC_Os08g26360.1,119.267506323196,-5.23081487810024,1.00978903735607,-5.18010662088003,2.21759111487774e-07,1.74469808422377e-05
LOC_Os08g26700.1,225.633326032409,5.21839395092283,0.98986513744873,5.27182315398305,1.35075200049807e-07,1.08704602788175e-05
LOC_Os08g27540.3,330.681510941488,-4.59994004482162,1.02480135299339,-4.48861628781561,7.16872883742128e-06,0.000412985375784229
LOC_Os08g29760.1,2011.94628041821,3.18340991164317,0.789932256810656,4.02997837371037,5.57819847361197e-05,0.00257366115571353
LOC_Os08g30150.1,645.134401582861,3.57223071144531,0.919985539610783,3.88292049998591,0.00010320931982901,0.0044962159268485
LOC_Os08g31790.1,495.115746695802,6.6244134601731,0.92650174946779,7.14992007729975,8.68284392914558e-13,1.44155719878767e-10
LOC_Os08g35010.1,88.1849274385799,3.43704861357319,1.00297162257059,3.42686526341007,0.000610591954610212,0.0208437675578496
LOC_Os08g35305.1,105.587083190193,-5.62630693968508,1.05953479342772,-5.31016723054775,1.09524690642226e-07,9.20051036729617e-06
LOC_Os08g35310.1,311.964683093333,3.32351096955595,0.784192692664784,4.23813050114283,2.25388751630602e-05,0.00113964552233363
LOC_Os08g35490.1,764.654136046444,2.79785411225298,0.788304070466518,3.54920673008477,0.000386393601987513,0.0141688853876638
LOC_Os08g36340.1,215.606951424745,-2.91554141087298,0.828345711297178,-3.51971570699301,0.000432009586897411,0.015637738564814
LOC_Os08g38200.1,114.507173620699,4.9968574669766,0.992219264792349,5.03604157295045,4.7525738340118e-07,3.58827089431321e-05
LOC_Os08g38630.1,215.299097724799,5.5501263960431,0.933430318158676,5.945946138745,2.7486452382935e-09,2.95689718619482e-07
LOC_Os08g38710.1,560.627404757219,-2.34584441839803,0.698677950223111,-3.35754751906643,0.000786372254167167,0.0260292919609336
LOC_Os08g39950.1,210.244024865755,-2.83606201710388,0.846742160664506,-3.34938089639731,0.000809923688939248,0.0266831890332563
LOC_Os08g41690.1,474.32206529134,7.51027685665476,0.86845572009122,8.64785236933658,5.24776587305666e-18,1.65147975273731e-15
LOC_Os08g41880.1,2156.44698745703,3.49805412431854,0.893691830675069,3.9141614639984,9.07189175902577e-05,0.00400169116608909
LOC_Os08g42210.1,546.667061210156,6.72289835522703,0.8031829397007,8.37032016358847,5.74618946891236e-17,1.57348577859762e-14
LOC_Os08g42268.1,1249.12425480508,-9.90874795169927,0.878933839444787,-11.2735993393525,1.77175849077892e-29,2.91148857117959e-26
LOC_Os08g42800.1,72.6177100698487,-3.38643343001871,1.0333798993986,-3.27704596537005,0.00104899290792109,0.0329137134873752
LOC_Os08g43010.1,313.266737367577,4.24140263987588,0.935501454637904,4.53382794740555,5.79242177643254e-06,0.000342109840773334
LOC_Os09g02270.1,3513.03263136073,-3.22581758418273,0.880839946493825,-3.66220628052016,0.000250052377472636,0.00965632670148448
LOC_Os09g03680.1,536.1986095186,-2.91344783214266,0.706112299749142,-4.12604033831122,3.69062561533481e-05,0.00176867287884033
LOC_Os09g04384.1,194.106849870307,2.64025388970067,0.836648192407656,3.15575162136275,0.00160085119458208,0.0470766351991118
LOC_Os09g07764.1,482.065617866441,-4.47277824735114,0.736708463949804,-6.07130020384277,1.26878747352892e-09,1.45393390648681e-07
LOC_Os09g10010.1,1207.42029048177,2.62113387690634,0.810272519459542,3.23487939422487,0.00121694123083863,0.0370308401539928
LOC_Os09g13575.1,172.184440706943,-6.66613011675648,1.01562848484579,-6.56355174773249,5.2540989635965e-11,7.24069782009361e-09
LOC_Os09g14590.1,1134.07840482494,8.73647467103449,0.820903978579075,10.6425049689206,1.8897925181777e-26,2.34389854386923e-23
LOC_Os09g15639.1,376.34662661655,-3.66059746944911,0.919583059615467,-3.98071433697336,6.87084795402232e-05,0.00309555190407181
LOC_Os09g15644.1,40.9271033466573,-3.45224270683505,1.09918984211163,-3.14071562033637,0.00168535594897711,0.048947286755072
LOC_Os09g15810.1,5533.9011343903,2.80068956917612,0.662266423272312,4.22894694757087,2.34787698522149e-05,0.00118432981419606
LOC_Os09g15820.1,7999.21188153955,2.17262335462459,0.690010383034491,3.14868211847761,0.00164008493502947,0.0480294317431894
LOC_Os09g17120.1,362.134467656671,-6.16793308921592,0.937097110663217,-6.58195721556612,4.64295209330487e-11,6.44056874258771e-09
LOC_Os09g17910.1,190.878727552183,-6.52209515028139,0.982793232805169,-6.63628414663122,3.21689443637319e-11,4.49193504575687e-09
LOC_Os09g18159.1,81.5338627449807,4.26274284735605,1.02941777789373,4.14092600584182,3.45906541328622e-05,0.00167665274112965
LOC_Os09g19140.1,118.363531660142,-4.41355875545344,0.965679270774739,-4.57041886372124,4.86750349696267e-06,0.000294072525024235
LOC_Os09g19390.1,360.372098015658,3.23319242641953,0.99356870169634,3.2541206470166,0.0011374396230576,0.0351140767967342
LOC_Os09g19400.1,141.664886797918,4.56902250951113,1.01871914315644,4.48506591851637,7.28913965032871e-06,0.000417639971541252
LOC_Os09g19500.1,1555.96732963539,-6.92449333654508,0.88264105515769,-7.84519742887778,4.322728776322e-15,9.696248537101e-13
LOC_Os09g19510.1,3121.30244439589,-9.59367959031573,0.751313222574451,-12.7692143596808,2.43600788332047e-37,1.71210754066041e-33
LOC_Os09g20024.1,492.965045098801,-8.32770596823045,0.910131385820172,-9.15000416200994,5.69313547329122e-20,2.3537208128303e-17
LOC_Os09g20330.1,707.471399998755,5.15763334282856,0.976575800740834,5.28134461136141,1.28239220420959e-07,1.04398608593665e-05
LOC_Os09g20940.1,268.75996470232,3.28762904271179,0.8363302832888,3.93101757571598,8.45870873807339e-05,0.00376372134108166
LOC_Os09g21280.1,70.7319725053328,-3.92496094825542,1.04210664837656,-3.76637166106741,0.000165637166286021,0.0067683326572495
LOC_Os09g21689.3,1244.3118295974,7.83829516811941,0.845107642753324,9.27490744561554,1.77773317682064e-20,7.80906334026317e-18
LOC_Os09g23894.1,111.123091324988,-4.12176337637955,0.983063493437557,-4.19277432627129,2.75563541934574e-05,0.00137358328172352
LOC_Os09g25945.1,563.998743505773,-3.79410584052231,0.824564569378018,-4.60134473566365,4.19772006274578e-06,0.00025654761600868
LOC_Os09g26530.1,344.644094517796,-4.62378436171937,0.959411588504734,-4.81939598929136,1.43993498122867e-06,9.63842192990682e-05
LOC_Os09g26554.2,275.591974014769,-7.567725798296,0.973598945276372,-7.77293960209435,7.66853118675667e-15,1.68428104242463e-12
LOC_Os09g26560.2,2941.00133242649,-2.23692037863753,0.665100872519272,-3.36327987387014,0.00077022234671207,0.0256153599060315
LOC_Os09g27670.1,78.7448620935441,-3.75069397664568,1.01777459154295,-3.6851912081629,0.000228531006805815,0.00892328940463076
LOC_Os09g27680.1,119.879090858708,-3.34124769966317,0.975058480070421,-3.42671518473626,0.000610929492565856,0.0208437675578496
LOC_Os09g27795.1,97.5954002881827,-5.4506480721183,1.06595350070949,-5.11340135239521,3.16409026839171e-07,2.45275159224409e-05
LOC_Os09g27820.1,427.981859130395,3.12335707957563,0.984039946267323,3.17401452189335,0.00150346168451619,0.0447115509422058
LOC_Os09g28810.1,2147.19657949913,1.97272157626153,0.618386585475903,3.19011055963213,0.00142218375046391,0.0427161600833783
LOC_Os09g29540.1,877.02834360155,4.51042476053893,0.989637202258114,4.55765481557002,5.17279594429773e-06,0.000309853416152039
LOC_Os09g29660.1,795.837047097119,2.47947267349653,0.789142136332403,3.14198489643458,0.0016780669185611,0.0488702223451116
LOC_Os09g30414.1,457.666137588638,7.12963706948226,0.89349110853289,7.97952772153391,1.46894253000633e-15,3.44140591613151e-13
LOC_Os09g30418.1,4639.13226283083,4.96847855787955,0.920327295793388,5.39859958580971,6.71630839393912e-08,5.95014128093304e-06
LOC_Os09g30510.1,343.25663282879,3.73752020149462,1.0197908099551,3.66498713756713,0.000247351013890138,0.00956953417958451
LOC_Os09g31350.1,111.340537594739,-4.30875593673832,0.973478664985459,-4.42614316236985,9.59328688130502e-06,0.000528131733400304
LOC_Os09g31498.1,2158.03314693326,4.40742760013805,0.986206581605105,4.46907137140042,7.85599163890414e-06,0.000446478662281116
LOC_Os09g32100.1,682.62900796416,3.23460675263572,0.870552741027465,3.71557816108659,0.000202739580472227,0.00811150674432051
LOC_Os09g32620.1,1556.51858926034,3.33574035417599,0.782467146838692,4.26310595614522,2.01604861979822e-05,0.00102183618145302
LOC_Os09g33740.1,260.704627258722,2.97100474910842,0.860089043886785,3.45429902894972,0.000551725254615027,0.0191649538608861
LOC_Os09g33882.1,89.2639724427203,-5.22321502049204,1.06110914266616,-4.92241072145333,8.5484566579793e-07,6.14662521744065e-05
LOC_Os09g34847.1,242.606007576372,-6.77510538489976,0.953598839407277,-7.10477519992676,1.20518545045001e-12,1.96987094749911e-10
LOC_Os09g34980.1,83.4518394230767,-5.0853574668317,1.06650805715711,-4.76823164410707,1.85850020058647e-06,0.000121320361391225
LOC_Os09g34985.1,142.397258981269,-6.27400725704593,1.03313492356321,-6.07278595849548,1.25709965649033e-09,1.44841236377588e-07
LOC_Os09g35030.1,347.372173860781,-3.81075736169486,0.789658663077233,-4.82582860149303,1.39422376902348e-06,9.39207928749526e-05
LOC_Os09g35560.1,102.611650954745,3.81416000191773,1.05310099230628,3.62183687014172,0.000292518568828804,0.0111130703130727
LOC_Os09g36680.1,136286.931096211,2.84295505738226,0.623980365264569,4.55616108397391,5.20969896566431e-06,0.000311179894308873
LOC_Os09g37830.1,315.267735099396,5.82065253327836,0.96247779178136,6.04757074187183,1.47046107939228e-09,1.65800384272653e-07
LOC_Os09g39350.1,1011.6250703071,-8.73912789471228,0.891232045035302,-9.80567063695081,1.0643760016852e-22,6.80071757440378e-20
LOC_Os10g01380.1,423.925721644428,6.41707557518573,0.809971803354589,7.92259131565901,2.32611142764962e-15,5.27376983354756e-13
LOC_Os10g02220.4,1105.85119294626,-3.46498584133393,0.767527613013019,-4.51447711142499,6.34731765647136e-06,0.000371758868851941
LOC_Os10g04270.1,108.250977490863,-5.68155598279869,1.0574437141631,-5.37291574643791,7.74735344772441e-08,6.77813059938877e-06
LOC_Os10g04674.2,122.244303732271,5.02895270031927,0.991646555517866,5.07131565408706,3.95074848251254e-07,3.02914660922825e-05
LOC_Os10g04860.1,263.290658655284,5.38161271033066,0.857388641172536,6.27674831680876,3.45727040013067e-10,4.23817130155554e-08
LOC_Os10g06630.1,1904.43709979983,2.34968678082889,0.679585061926964,3.45753153279495,0.000545148440192718,0.0189677472961443
LOC_Os10g07340.1,311.646199410424,2.83656638309083,0.786372845601739,3.60715200042324,0.000309576324991123,0.0116978795921825
LOC_Os10g08474.1,1918.71786702675,2.84473707175406,0.636090737329967,4.47221898513259,7.74120931390084e-06,0.000441144319955674
LOC_Os10g10400.1,232.033926095195,-4.9042958298972,1.00756225589659,-4.86748665027461,1.13026464081605e-06,7.76274591257536e-05
LOC_Os10g10420.1,116.484832602025,-5.84283994300081,1.0511504699294,-5.55851907994985,2.72073220476483e-08,2.54962837944295e-06
LOC_Os10g10510.1,69.738557729325,-3.65452656964332,1.08510058097545,-3.36791504282312,0.00075738931184356,0.0252283627807606
LOC_Os10g12300.1,98.2272968595627,4.49282289301529,1.01889735507328,4.40949509844607,1.03611903457177e-05,0.000565973312019319
LOC_Os10g14920.1,2035.60117095768,2.49955722189679,0.760107117196471,3.28842759835745,0.00100748694012858,0.0319441535828739
LOC_Os10g20235.1,160.560174667655,-6.52367309971216,1.02208408644737,-6.3827166338022,1.73973656213325e-10,2.22317244924724e-08
LOC_Os10g20310.3,1041.86131275207,-7.49182074559588,0.875444597305252,-8.55773257229162,1.15108999628325e-17,3.4672475102332e-15
LOC_Os10g20380.1,827.711342659624,8.27863962694595,0.838497611544261,9.87318212117407,5.4410557429903e-23,3.5851456356547e-20
LOC_Os10g20390.1,133.747110322773,4.01403972416725,1.03019625011725,3.89638355188188,9.76397198912338e-05,0.00427123131515906
LOC_Os10g21274.1,458.916336342696,-8.4391456857914,0.934129263347205,-9.03423756959711,1.65149636980676e-19,6.21817874238847e-17
LOC_Os10g21308.1,2492.10376413254,5.98229455385072,0.682753960575876,8.76200637313754,1.91805429088805e-18,6.40258216114214e-16
LOC_Os10g22570.1,511.54022293179,6.65147569654637,0.925677260671645,7.18552348549671,6.69501648719241e-13,1.13842276316494e-10
LOC_Os10g23180.1,2427.96678913209,5.40511703169077,0.702346981747096,7.69579306548094,1.40619231661038e-14,2.93560049462673e-12
LOC_Os10g24094.1,303.324617859312,4.99278663891171,0.856744346098713,5.8276271814888,5.62210015259371e-09,5.92709908587192e-07
LOC_Os10g25150.1,749.549173048063,4.01170495186849,1.00438136823239,3.99420486953945,6.49117197586768e-05,0.00294970605843039
LOC_Os10g26750.1,71.5727096485985,3.53373650322053,1.0463495812106,3.37720448947099,0.00073226589066791,0.0245466236959187
LOC_Os10g26940.1,2890.3045638954,-4.1513365165369,1.05606385334192,-3.93095218949116,8.46100979688265e-05,0.00376372134108166
LOC_Os10g27090.1,855.976232554654,3.73223719312419,0.823118139795081,4.53426672634544,5.78039461927658e-06,0.000342109840773334
LOC_Os10g27360.1,100.569700224756,-4.74540827006726,1.00920727876599,-4.70211459024524,2.57480921332267e-06,0.000163523651394302
LOC_Os10g33080.1,288.52593048836,4.73586289198167,0.872196530549822,5.42981166067725,5.6413554898347e-08,5.04016866538833e-06
LOC_Os10g33130.1,64.57544447054,3.36298324886024,1.05482132803174,3.18820179255898,0.0014316059097222,0.0429379951728202
LOC_Os10g34920.1,2867.90619590119,-4.34076978133056,0.62769430571431,-6.91542004095577,4.66479097352975e-12,7.12732736788948e-10
LOC_Os10g34930.1,3964.42955251396,-3.59377562704689,0.878912006239876,-4.08889126730857,4.33439954149882e-05,0.0020441780884332
LOC_Os10g35436.1,227.336503577317,-4.19461909696771,0.854077474175057,-4.91128641581285,9.04808089071921e-07,6.46707747731575e-05
LOC_Os10g36180.1,434.554078063301,4.3672806068012,0.95628426309486,4.56692719450093,4.94925813850891e-06,0.000298157451001316
LOC_Os10g36270.1,101.775672810089,4.02493985682804,1.04322907722488,3.85815536079084,0.000114246021365467,0.00490606387065353
LOC_Os10g36830.1,118.082465331787,-5.7880589764996,1.03640211424754,-5.58476183802644,2.34020690324921e-08,2.27388306705113e-06
LOC_Os10g37604.1,122.177692811517,5.23142911454782,0.979152062323647,5.34281580547663,9.15137429712273e-08,7.78051318769487e-06
LOC_Os10g38730.1,988.662486394463,6.80888658684937,0.811153543898655,8.3940785786668,4.69562040326751e-17,1.32009541603861e-14
LOC_Os10g39260.1,223.914617243751,3.63936155559943,0.866681966375395,4.19918920295507,2.67872426810238e-05,0.00133840998087532
LOC_Os10g39880.1,12924.9927476794,3.48128365263097,0.674822659520267,5.15881262064589,2.48520874315609e-07,1.94076393886838e-05
LOC_Os10g40290.1,220.064553353738,3.31749378935773,0.908501112356334,3.6516122481714,0.000260599150712577,0.0100086212983146
LOC_Os10g40720.1,7717.58974333879,4.8065239913748,0.890125465217429,5.39982752903348,6.67049950130468e-08,5.93449291075988e-06
LOC_Os10g40730.1,283.943331653929,3.35430744813739,0.940090820146414,3.56806744226582,0.000359623949364384,0.0133969451808269
LOC_Os10g40880.1,403.664436547802,3.29525706641475,0.750830746810974,4.38881476339481,1.13970090531419e-05,0.000614593186407923
LOC_Os10g41060.1,746.215719363506,2.21645057309912,0.672072371579587,3.29793436961223,0.000973988971070243,0.0310219901133173
LOC_Os10g41980.1,6233.73176858618,4.7863796336709,0.776215436414864,6.16630307660195,6.9905040904289e-10,8.28060554756705e-08
LOC_Os10g41999.1,5010.47429034683,3.93137089507358,0.835895855997564,4.70318265949752,2.56137075331395e-06,0.000163161638470165
LOC_Os11g01310.1,160.318002458504,-6.52057293827799,1.02222349104696,-6.3788134350147,1.78465282782595e-10,2.26683161895844e-08
LOC_Os11g01340.4,113.601394968711,-3.30324857356394,0.951359841285877,-3.47213370820782,0.000516339099325119,0.018205702189415
LOC_Os11g01690.1,192.682391585503,-4.03180868910857,0.981851006098996,-4.10633452943884,4.01987188618085e-05,0.00191329568216982
LOC_Os11g01810.1,196.929676918149,4.81518284596558,0.962961830183603,5.00038806839052,5.72150364843192e-07,4.23290892726972e-05
LOC_Os11g02379.1,348.661680351542,-3.79785597186959,0.774738768725817,-4.90211168613102,9.48119029987581e-07,6.70841937828461e-05
LOC_Os11g02610.1,8503.62492652358,-3.04091295078706,0.607529784605485,-5.0053726217913,5.57540718515697e-07,4.13934720067024e-05
LOC_Os11g03300.1,625.030150376527,3.31656992959856,0.86070226218506,3.85333009486789,0.000116522129973878,0.0049936364034537
LOC_Os11g03530.1,467.482857042876,3.64516559152625,0.725282999279954,5.02585279834918,5.01200236182941e-07,3.73420741339834e-05
LOC_Os11g03734.1,190.662466564386,-4.01424914658404,1.05167023324145,-3.81702269371205,0.000135071750689915,0.00568460651356659
LOC_Os11g03970.2,1033.75495231549,-2.52278409700518,0.780631850794907,-3.23172068169683,0.00123047269707672,0.0373840299969202
LOC_Os11g04750.1,101.125797323011,-4.38148092765318,1.01070007471404,-4.33509508633691,1.45697129877865e-05,0.000763745174460827
LOC_Os11g07960.1,1217.22580224384,6.64275448641704,0.708720912222817,9.37287777438773,7.0581338376467e-21,3.5433512373043e-18
LOC_Os11g09680.1,167.583168733058,-6.61118323242517,1.01812954157464,-6.49345978332021,8.38871674632102e-11,1.10547557872612e-08
LOC_Os11g10530.2,352.982469702652,-6.39457766200584,0.927398117303107,-6.89518076724309,5.37963510820469e-12,8.10211473260685e-10
LOC_Os11g10640.1,303.199350524498,3.76139671679679,0.987430776894288,3.80927636125269,0.000139374106004457,0.00581921391109699
LOC_Os11g10760.1,216.273950952376,-5.51911339512657,0.911734580862947,-6.0534211501584,1.41801497174845e-09,1.61615382050357e-07
LOC_Os11g11900.1,75.8938263348781,3.70134479327938,1.03620987634461,3.57200300612504,0.000354261344066079,0.0132205317515633
LOC_Os11g11920.1,275.570858495573,-4.76678027891526,1.01421023978525,-4.69999226188505,2.60171349050609e-06,0.000164736122964927
LOC_Os11g11940.1,188.652150929266,-6.84899225549265,1.00722074930264,-6.79989194050521,1.04697651693682e-11,1.5224482661802e-09
LOC_Os11g12320.1,45.0440309022382,-3.66904832493621,1.10042187005746,-3.33421974314688,0.000855390519644062,0.0278762119114297
LOC_Os11g12590.1,74.1046960004564,-4.82124893326273,1.08536439839018,-4.44205553490942,8.91035541605963e-06,0.000498341761134263
LOC_Os11g13410.1,228.610565439316,-7.22132485333501,0.989840485072739,-7.2954430155525,2.97677946909805e-13,5.36456368426772e-11
LOC_Os11g13420.1,1305.11823936048,-4.06693408352245,0.655023997665004,-6.20883219243883,5.33797850868189e-10,6.46846418710101e-08
LOC_Os11g14520.1,195.468128392189,5.22532411556681,0.987817944770357,5.28976431662371,1.22474073732567e-07,1.0166794663981e-05
LOC_Os11g14530.1,154.049441175837,5.43461827886232,0.97158703220471,5.59354756570821,2.22476238504826e-08,2.19090656587592e-06
LOC_Os11g16260.1,127.985705852662,-5.36216856892555,1.00247619918294,-5.34892356875497,8.84788949543237e-08,7.58364837443868e-06
LOC_Os11g17340.1,139.491192471447,-6.2305034766542,1.03501986864865,-6.01969456372746,1.74746496235318e-09,1.92216649278564e-07
LOC_Os11g19149.2,235.587075214184,3.90423454822415,1.05198813562952,3.71129142619826,0.000206204536979249,0.00821702170904096
LOC_Os11g19764.3,1074.01532826605,-2.58383560443833,0.668527880822074,-3.86496312055234,0.000111105986169412,0.00481041009934712
LOC_Os11g20239.1,228.557225716581,4.04413250585715,0.980151909771691,4.12602624709385,3.69085163239148e-05,0.00176867287884033
LOC_Os11g24070.1,2176.81030510535,5.56026854914315,0.745492759690498,7.45851448839231,8.75033992027399e-14,1.66217042539619e-11
LOC_Os11g24120.1,262.934320393779,3.90766366560994,0.82116157742973,4.75870251728179,1.94841342621335e-06,0.000126797213246014
LOC_Os11g24440.1,78.5086514064479,3.75330783221221,1.05451010436767,3.55929053374303,0.000371857983558556,0.0137796583186857
LOC_Os11g25040.1,664.066101785546,-4.93605766550562,0.970990723599216,-5.08352710848659,3.70489673187316e-07,2.85101268582283e-05
LOC_Os11g27264.2,272.758749636945,4.49444673045866,0.974408560935855,4.61248690810151,3.97879612591736e-06,0.000244585761851217
LOC_Os11g28130.1,269.584695526524,-7.13197555932638,0.94903804131538,-7.51495224516118,5.69317118402267e-14,1.12187396649643e-11
LOC_Os11g28430.1,1233.00000931971,3.80399142209024,0.936148121891498,4.06345035912076,4.83526091617173e-05,0.00225556363755489
LOC_Os11g29490.1,116.000488183721,-5.83372737650215,1.051513297982,-5.54793495022641,2.89063376374674e-08,2.69685897825663e-06
LOC_Os11g29500.1,408.544516839117,-8.24928591524729,0.942437476499499,-8.75313866537615,2.07499474269492e-18,6.73096371534192e-16
LOC_Os11g29990.1,669.643422590971,2.49486921343448,0.708873104132322,3.51948634937738,0.000432383285904035,0.015637738564814
LOC_Os11g30790.1,208.557298820266,-6.68186434260676,0.973897805389482,-6.86095019993863,6.84040088446767e-12,1.02290675637589e-09
LOC_Os11g32360.1,232.406766507749,-4.17257915383788,1.05744679096456,-3.94589986890198,7.95008343550424e-05,0.00355143028045777
LOC_Os11g32410.1,263.111578113687,6.62057634156317,0.908376449073612,7.28836194323952,3.13746164015902e-13,5.60621853243669e-11
LOC_Os11g33270.1,452.886812331816,4.6030481658829,1.02357503820417,4.49703050003916,6.89091062607581e-06,0.000399161677337386
LOC_Os11g33320.1,320.282182960757,-5.48060203015387,0.97458655124774,-5.62351493886016,1.8711057421782e-08,1.85221899407641e-06
LOC_Os11g33950.1,55.94178031407,-4.16839596959215,1.0978554439873,-3.796853212708,0.000146544504023442,0.00607051250949758
LOC_Os11g34170.1,118.985528213903,-3.10776990213602,0.981701110666885,-3.16569867179315,0.00154710970445307,0.0458157417393161
LOC_Os11g34270.1,1043.86263855925,-6.10868621954442,0.70936435788098,-8.6114930242511,7.21151286862656e-18,2.2360992475734e-15
LOC_Os11g34790.1,620.929544265262,-8.91154609622923,0.914480142368522,-9.74493122742736,1.93910120991983e-22,1.13572080586554e-19
LOC_Os11g36190.2,107.040116445104,-5.65665238628317,1.05839118782885,-5.34457623167389,9.06288290197934e-08,7.73647311693257e-06
LOC_Os11g36200.1,245.07827566164,-7.35204328358397,0.983704665815488,-7.47383187157007,7.78926495011226e-14,1.49306046793743e-11
LOC_Os11g37740.1,259.922533099852,-6.34970258151681,0.996988421405758,-6.36888297314798,1.90409817439743e-10,2.38975654804583e-08
LOC_Os11g38270.1,366.482699457241,-3.14884753141481,0.831697109528242,-3.78605082949117,0.000153060379112515,0.00630327752653784
LOC_Os11g38930.1,916.028872381658,4.82789952704029,0.672354321624044,7.18058822821083,6.94121182801654e-13,1.17084361114983e-10
LOC_Os11g39430.1,351.73646877532,2.58743355579041,0.791339559246058,3.26968812004744,0.00107666120027673,0.0336816044626629
LOC_Os11g40130.1,120.601760157605,-5.91854297697517,1.04810473152248,-5.646900351626,1.63366456288023e-08,1.6248027032231e-06
LOC_Os11g40900.1,89.1193729678691,-5.24531735676427,1.0729388053671,-4.8887386032884,1.01484142114534e-06,7.06202355275563e-05
LOC_Os11g42200.1,554.705190773207,-3.69957074880956,0.734692181624125,-5.03553847630611,4.76507398817975e-07,3.58827089431321e-05
LOC_Os11g42970.1,771.116956732995,-2.76144629544922,0.771674379591092,-3.5785123472837,0.000345555546008433,0.012941454152021
LOC_Os11g45090.1,157.552047483602,4.57583402566744,0.99681056926087,4.5904750278284,4.42238368383702e-06,0.000269496994143652
LOC_Os11g45130.1,254.62678137248,5.64521363571446,0.93456599969641,6.0404654540699,1.5367028411105e-09,1.72347762791569e-07
LOC_Os11g45790.1,299.337318966527,6.46747584234333,0.92303886971099,7.00672101096712,2.43968053282912e-12,3.81041955812607e-10
LOC_Os11g46880.1,51.0983361310336,-3.95860191357907,1.09977620090709,-3.59946133614642,0.000318877038775187,0.0120062899331693
LOC_Os11g47030.1,97.4726807808552,4.2797802913452,1.03017329764412,4.15442751344123,3.26102972053909e-05,0.00158430441607296
LOC_Os11g47120.1,1202.11060397237,7.82174383778929,0.880830388643711,8.87996592605427,6.68808462961129e-19,2.31177482648121e-16
LOC_Os11g47130.1,441.717799224093,5.41021576316696,0.971061972618932,5.5714423133837,2.52639018732744e-08,2.38874157398202e-06
LOC_Os11g47240.1,442.784230847065,6.33026064103086,0.940544555142063,6.73042080401467,1.69173108962779e-11,2.42654081801373e-09
LOC_Os11g47300.1,73.6203515821527,-4.80609132065382,1.08575200094219,-4.42650929170125,9.57702589547267e-06,0.000528131733400304
LOC_Os11g47320.1,286.229225504524,-3.22733058723373,0.923472499489697,-3.49477714714528,0.000474457730900434,0.0168700527083232
LOC_Os12g01290.1,310.706944341783,-7.78203299113174,0.963632840780593,-8.07572413662022,6.7077373026585e-16,1.62566254053511e-13
LOC_Os12g01350.1,158.511147247343,-4.32957280879062,1.04053055386037,-4.16092808877924,3.16956886015303e-05,0.00154342631446482
LOC_Os12g01360.1,4994.14747781433,1.98243101542873,0.609440770518074,3.25286904212776,0.0011424613648244,0.0352175407563194
LOC_Os12g01744.1,199.344197112899,-4.96992244589066,1.00700986228682,-4.93532648687718,8.00167911603337e-07,5.77792480005355e-05
LOC_Os12g02310.1,11751.3838674928,4.44026165739233,0.592477346929209,7.49439903551767,6.66028127362552e-14,1.28836725371004e-11
LOC_Os12g03040.1,1655.31467959286,3.00002975142984,0.88740142573224,3.38069070483447,0.000723038812001242,0.0243146305439333
LOC_Os12g03580.1,126.316320442948,-5.92164812403365,1.0300669844869,-5.74879907153158,8.98795511073832e-09,9.2897565446038e-07
LOC_Os12g03594.1,405.706042071827,7.30001540212502,0.876961653789384,8.32421277553174,8.48910021191607e-17,2.26573010086393e-14
LOC_Os12g03601.1,398.512609126053,5.58907775192798,0.82675621052179,6.76024888691257,1.37754892669293e-11,1.98942596707674e-09
LOC_Os12g03750.1,70.3499598199395,3.58400183471191,1.06173646852642,3.37560396666617,0.000736538576412999,0.0246079109514237
LOC_Os12g03800.1,269.05332436767,-7.5240799207469,0.975639778154283,-7.71194460211633,1.23914922877398e-14,2.61274614886993e-12
LOC_Os12g03990.1,540.857662793139,3.69949099628524,0.708525039134955,5.22139768102195,1.77577735791865e-07,1.41185869857448e-05
LOC_Os12g04080.1,264.127641857562,4.49012051624957,0.921538828613141,4.87241598165421,1.10241743448436e-06,7.59623255101399e-05
LOC_Os12g04424.1,954.925453505071,2.79445319329746,0.72354523236288,3.86216793132838,0.000112385268164004,0.00484589648105937
LOC_Os12g04590.1,43.4934249130267,-3.74863771912652,1.09952371667069,-3.40932865957384,0.000651229716937897,0.0220758498097035
LOC_Os12g04610.1,48.9187862486673,-3.85808939130293,1.10027732078825,-3.50646997662276,0.000454092661147566,0.016283237687579
LOC_Os12g04650.3,208.994616498019,-7.04953073269848,0.997888740817079,-7.06444560836138,1.61258490944225e-12,2.5564926929015e-10
LOC_Os12g07370.1,1034.12852313694,-4.45760132430386,1.01752562337795,-4.38082464155118,1.18230995623779e-05,0.000634325837844118
LOC_Os12g08030.1,955.369365103923,-9.53976526194172,0.891063796001761,-10.7060406951186,9.53531605823848e-27,1.25657586929974e-23
LOC_Os12g08240.1,192.461244136072,3.68572239021617,1.05349482551259,3.49856715093294,0.000467765283712733,0.01674504415464
LOC_Os12g08930.1,142.803049121576,-3.50576996226792,1.07710679064517,-3.25480258105887,0.00113471213359441,0.0350812394968302
LOC_Os12g09300.1,623.205111714621,3.4931052810714,0.693920286635564,5.03387110644587,4.80672927943767e-07,3.606757539393e-05
LOC_Os12g09670.1,215.559540332344,4.93720982417929,0.864128046903661,5.71351646537834,1.10665160714037e-08,1.12723425780458e-06
LOC_Os12g10760.1,76.7685903011264,-4.90276936736651,1.08320934478514,-4.52615128457833,6.00675868194295e-06,0.000353777951979797
LOC_Os12g11990.1,108.20677703836,3.71706282207121,1.05771230990433,3.51424748229262,0.000441001740132292,0.0158983865147297
LOC_Os12g12000.1,311.207313060828,6.16709199253169,0.900083268830325,6.85169051141895,7.29823188857348e-12,1.08368464345473e-09
LOC_Os12g12664.1,252.8454737875,-6.11166431755389,0.897054817554862,-6.81303327060067,9.5562029051177e-12,1.39925373787782e-09
LOC_Os12g14140.1,128.588044819122,4.14073412965341,0.949093418888648,4.36283093660268,1.28390160272457e-05,0.000678472814372122
LOC_Os12g14340.1,134.495636268682,3.6773940507278,1.06011224355061,3.46887235111178,0.000522647716961462,0.0183361516008859
LOC_Os12g16360.1,340.009471001043,2.89517530220258,0.917771859131479,3.15456970422082,0.00160734976917975,0.0472019079152576
LOC_Os12g16524.1,2052.76484139624,-3.56831462056584,0.870353079428673,-4.09984718260341,4.13423038415233e-05,0.00196329386598766
LOC_Os12g17490.1,87.4805658709265,4.52475203689117,1.01566230366541,4.45497683685005,8.39022527769679e-06,0.000473015775348227
LOC_Os12g19660.1,75.8904528230267,3.38181475775248,1.05665236991364,3.20049890961667,0.00137189888481972,0.0413826723697049
LOC_Os12g20324.1,365.495958519611,-4.33670267888087,0.777959313003725,-5.57445949472181,2.48299567596775e-08,2.36895763926607e-06
LOC_Os12g20390.4,1991.83064329594,-5.03499992439984,0.883448422552184,-5.69925735998745,1.203304549224e-08,1.21979213559557e-06
LOC_Os12g21784.1,636.133750385184,-6.06122165196402,0.746326321826944,-8.12140946218627,4.60800518840447e-16,1.15666415949415e-13
LOC_Os12g22920.1,98.8062613339418,-5.47790816213134,1.06496402443104,-5.1437494943155,2.69308588191473e-07,2.09534006716502e-05
LOC_Os12g25200.1,3439.1340561647,-4.47043966512582,0.95937929731584,-4.65972079826327,3.16638582201946e-06,0.000196941725832685
LOC_Os12g25490.1,1673.55574421949,3.69050871766098,0.787818731000234,4.68446429672397,2.80693087558889e-06,0.000176143266404142
LOC_Os12g26510.1,69.0190796082682,-4.65660927293769,1.08934533912544,-4.27468600239861,1.91406855310483e-05,0.000977648907725704
LOC_Os12g30320.1,518.968005705948,-7.09350236399762,0.88974941845204,-7.97247204312726,1.5553142754037e-15,3.60371445020737e-13
LOC_Os12g30760.1,106.674642614307,-3.43340685032066,0.994651227268355,-3.45187011908681,0.000556715637386507,0.0192747934553276
LOC_Os12g32536.1,624.53630734819,-8.15209101351674,0.877045651772857,-9.29494490627498,1.47282457371587e-20,6.90100136373315e-18
LOC_Os12g33230.1,87.4489471664752,4.46091372238649,1.0192420536205,4.3766970824454,1.20491244192643e-05,0.000644811645634994
LOC_Os12g33950.1,88.8772007587173,-5.23913425976671,1.07314011336314,-4.88205984896758,1.04983380371744e-06,7.28149531295466e-05
LOC_Os12g35310.1,101.954500052915,-5.54825342500381,1.06242537107256,-5.22225238220982,1.76759832917207e-07,1.41173525646186e-05
LOC_Os12g35395.1,214.535238000962,-5.99258819407266,0.920431492412811,-6.51062924668488,7.48366457345744e-11,9.92409229756919e-09
LOC_Os12g36630.1,670.492426812962,-4.51179499721839,0.752587996387515,-5.99503980780371,2.03435602333896e-09,2.21105137897433e-07
LOC_Os12g36740.1,1209.97470950292,3.66749173706554,0.663626372211486,5.52644061573969,3.26792801881657e-08,3.02211676652401e-06
LOC_Os12g36870.1,199.803906758807,-3.51400088956274,1.07107306640511,-3.28082275596466,0.00103504765648972,0.0326706284986313
LOC_Os12g37320.1,831.539425611514,-3.85307501523629,1.046898537761,-3.68046651729674,0.000232807629162727,0.00905673221567548
LOC_Os12g38100.1,528.754562352821,3.33146745222193,0.864779780318881,3.8523882357581,0.00011697137042155,0.00500272078161943
LOC_Os12g38420.1,150.388941883279,-6.38834128211509,1.02812070310195,-6.21361019464034,5.17808892495222e-10,6.31098294697211e-08
LOC_Os12g40180.1,236.785303971149,-3.21988397664571,0.872983470176653,-3.68836763426247,0.000225697387881475,0.00884540785033623
LOC_Os12g41760.1,929.468918674583,-6.87004105683879,0.829704215223607,-8.28010865894817,1.23062938986482e-16,3.16436837625606e-14
LOC_Os12g41780.2,394.315417653072,-2.64693957973415,0.813202616714309,-3.25495703694233,0.00113409520631096,0.0350812394968302
LOC_Os12g42730.1,567.651658251862,-8.77439979221547,0.920019406668959,-9.5371898990525,1.4675495022209e-21,8.14296875113885e-19
LOC_Os12g43440.1,7460.58456053679,-3.12090369364306,0.631994036228325,-4.93818535419778,7.88528776222249e-07,5.71344647651069e-05
